chance_of_playing_next_round,chance_of_playing_this_round,code,cost_change_event,cost_change_event_fall,cost_change_start,cost_change_start_fall,dreamteam_count,element_type,ep_next,ep_this,event_points,first_name,form,id,in_dreamteam,news,news_added,now_cost,photo,points_per_game,second_name,selected_by_percent,special,squad_number,status,team,team_code,total_points,transfers_in,transfers_in_event,transfers_out,transfers_out_event,value_form,value_season,web_name,minutes,goals_scored,assists,clean_sheets,goals_conceded,penalties_saved,penalties_missed,yellow_cards,red_cards,saves,own_goals,attacking_bonus,defending_bonus,crosses,key_passes,big_chances_created,clearances_blocks_interceptions,recoveries
100.0,100.0,52251,0,0,-2,2,1,1,5.0,5.0,6,Johan,5.0,1,False,,2021-03-23T09:55:01.773068Z,63,52251.jpg,5.7,Dahlin,2.1,False,,a,1,993,40,565,16,279,8,0.8,6.3,Dahlin,630,0,0,5,6,0,0,0,0,15,0,0,6,0,0,0,4,52
0.0,0.0,421640,0,0,-1,1,0,1,0.0,0.0,0,Mathias,0.0,2,False,Utlånad till Östers IF,2021-07-07T12:39:20.586072Z,39,421640.jpg,0.0,Nilsson,2.3,False,,n,1,993,0,226,1,436,2,0.0,0.0,Nilsson,0,0,0,0,0,0,0,0,0,0,0,0,0,0,0,0,0,0
0.0,0.0,212926,0,0,-3,3,0,1,0.0,0.0,0,Marko,0.0,3,False,Lämnat för Hamburg,2021-08-12T07:58:24.693669Z,62,212926.jpg,3.2,Johansson,2.8,False,,u,1,993,29,273,0,784,6,0.0,4.7,Johansson,810,0,0,0,13,0,0,0,0,20,0,0,11,0,0,0,2,84
,,515046,0,0,-1,1,0,1,0.0,0.0,0,Melker,0.0,4,False,,,39,515046.jpg,0.0,Ellborg,0.9,False,,a,1,993,0,178,1,96,3,0.0,0.0,Ellborg,0,0,0,0,0,0,0,0,0,0,0,0,0,0,0,0,0,0
100.0,100.0,233821,0,0,-1,1,0,2,5.3,5.3,8,Anel,5.3,5,False,,2021-05-26T19:26:35.388875Z,74,233821.jpg,4.4,Ahmedhodzic,10.1,False,,a,1,993,57,906,7,2678,4,0.7,7.7,Ahmedhodzic,1170,1,0,4,15,0,0,3,0,0,0,0,16,0,3,0,88,72
0.0,0.0,82187,0,0,-1,1,0,2,0.0,0.0,0,Jonas,0.0,6,False,Skadad. Tillbaka i spel: missar resten av säsongen,2021-07-22T11:05:43.093439Z,69,82187.jpg,3.4,Knudsen,7.4,False,,i,1,993,41,6473,0,7596,35,0.0,5.9,Knudsen,1039,1,1,1,16,0,0,2,0,0,0,3,8,10,17,1,43,64
,,54433,0,0,-3,3,0,2,0.3,0.3,0,Lasse,0.3,7,False,,,52,54433.jpg,2.8,Nielsen,1.4,False,,a,1,993,28,484,1,842,9,0.1,5.4,Nielsen,648,1,0,1,11,0,0,2,0,0,1,1,7,0,1,1,45,36
,,82197,0,0,-2,2,2,2,4.0,4.0,1,Eric,4.0,8,False,,,73,82197.jpg,4.5,Larsson,8.4,False,,a,1,993,58,2004,5,3383,49,0.5,7.9,Larsson,918,0,5,3,12,0,0,2,0,0,1,7,8,7,21,5,27,76
,,202517,0,0,-1,1,0,2,4.7,4.7,6,Franz,4.7,9,False,,,54,202517.jpg,3.6,Brorsson,4.8,False,,a,1,993,54,2292,15,1824,11,0.9,10.0,Brorsson,1113,0,0,5,12,0,0,0,0,0,0,1,9,0,4,1,72,48
,,223813,0,0,-3,3,1,2,5.3,5.3,10,Felix,5.3,10,False,,,57,223813.jpg,3.5,Beijmo,2.8,False,,a,1,993,35,198,10,952,1,0.9,6.1,Beijmo,757,0,1,3,9,0,0,1,0,0,0,0,6,7,6,0,29,56
,,484391,0,0,-1,1,0,2,0.3,0.3,1,Noah,0.3,11,False,,,39,484391.jpg,1.0,Eile,0.7,False,,a,1,993,1,67,0,163,1,0.1,0.3,Eile,11,0,0,0,0,0,0,0,0,0,0,0,0,0,0,0,1,1
0.0,0.0,89198,0,0,0,0,0,3,0.0,0.0,0,Arnór Ingvi,0.0,12,False,Lämnat för New England Revolution,2021-03-16T17:02:05.300231Z,80,89198.jpg,0.0,Traustason,0.0,False,,u,1,993,0,0,0,4,0,0.0,0.0,Traustason,0,0,0,0,0,0,0,0,0,0,0,0,0,0,0,0,0,0
100.0,100.0,193844,0,0,0,0,0,3,2.7,2.7,3,Bonke,2.7,13,False,,2021-07-20T10:58:13.968217Z,45,193844.jpg,2.5,Innocent,1.4,False,,a,1,993,20,203,0,398,4,0.6,4.4,Innocent,644,0,0,3,7,0,0,3,0,0,0,0,5,2,2,0,28,51
100.0,100.0,61934,0,0,-1,1,2,3,1.3,1.3,1,Jo Inge,1.3,14,False,,2021-07-16T12:40:16.569141Z,89,61934.jpg,3.8,Berget,4.3,False,,a,1,993,57,3381,2,3283,23,0.1,6.4,Berget,1078,2,3,2,17,0,0,2,0,0,0,7,5,2,18,4,17,67
100.0,100.0,76466,0,0,2,-2,2,3,4.7,4.7,9,Anders,4.7,15,True,,2021-06-28T08:36:37.667485Z,122,76466.jpg,5.9,Christiansen,23.0,False,,a,1,993,77,9702,80,9275,21,0.4,6.3,Christiansen,832,4,7,0,12,0,0,2,0,0,0,14,4,23,34,7,23,52
100.0,100.0,51682,0,0,1,-1,0,3,0.7,0.7,0,Sören,0.7,16,False,,2021-05-16T09:33:13.381887Z,81,51682.jpg,3.5,Rieks,5.1,False,,a,1,993,39,6330,2,6255,17,0.1,4.8,Rieks,537,4,0,1,8,0,0,0,0,0,0,2,1,6,10,1,8,28
100.0,100.0,82733,0,0,-1,1,0,3,0.7,0.7,1,Oscar,0.7,17,False,,2021-03-23T09:55:01.794104Z,49,82733.jpg,2.2,Lewicki,0.7,False,,a,1,993,13,86,2,231,2,0.1,2.7,Lewicki,320,0,0,2,1,0,0,0,0,0,0,1,2,3,4,0,12,26
100.0,100.0,163776,0,0,-2,2,1,3,3.0,3.0,3,Erdal,3.0,18,False,,2021-07-20T10:58:13.987218Z,58,163776.jpg,3.2,Rakip,2.6,False,,a,1,993,41,733,2,1589,8,0.5,7.1,Rakip,831,2,1,2,13,0,0,3,0,0,0,2,6,8,7,0,22,72
100.0,100.0,248586,0,0,-1,1,1,3,1.7,1.7,3,Adi,1.7,19,False,,2021-08-10T08:32:42.311845Z,69,248586.jpg,3.6,Nalic,3.7,False,,a,1,993,54,1634,2,1222,24,0.2,7.8,Nalic,810,3,3,4,8,0,0,3,0,0,0,6,2,10,17,3,7,47
0.0,0.0,242865,-1,1,-3,3,0,3,0.0,0.0,0,Pavle,0.0,20,False,Lämnat för Rosenborg,2021-08-12T16:36:14.240666Z,42,242865.jpg,2.1,Vagic,0.7,False,,n,1,993,15,597,0,477,8,0.0,3.6,Vagic,489,0,1,0,7,0,0,2,0,0,0,1,2,0,6,0,15,37
0.0,0.0,521072,0,0,-2,2,0,3,0.0,0.0,0,Mubaarak Mohamud,0.0,21,False,Utlånad till Jammerbugt,2021-07-01T09:51:31.193752Z,43,521072.jpg,0.0,Nuh,0.1,False,,n,1,993,0,23,0,51,0,0.0,0.0,Mubaarak Nuh,0,0,0,0,0,0,0,0,0,0,0,0,0,0,0,0,0,0
100.0,100.0,484405,0,0,-2,2,0,3,1.3,1.3,3,Sebastian,1.3,22,False,,2021-07-16T12:40:16.584881Z,43,484405.jpg,1.6,Nanasi,3.3,False,,a,1,993,13,550,3,2247,17,0.3,3.0,Nanasi,311,0,0,2,1,0,0,0,0,0,0,0,1,1,4,0,2,16
,,193905,0,0,-5,5,0,3,0.2,0.2,0,Romain,0.2,23,False,,,55,193905.jpg,2.1,Gall,1.1,False,,a,1,993,23,156,0,881,1,0.0,4.2,Gall,597,0,1,2,11,0,0,0,0,0,0,0,1,7,9,0,11,27
0.0,0.0,484401,0,0,-1,1,0,3,0.0,0.0,0,David,0.0,24,False,Utlånad till Jammerbugt,2021-07-01T09:51:31.213343Z,44,484401.jpg,0.0,Edvardsson,0.0,False,,n,1,993,0,2,0,10,0,0.0,0.0,Edvardsson,0,0,0,0,0,0,0,0,0,0,0,0,0,0,0,0,0,0
,,512780,0,0,-3,3,0,3,0.0,0.0,0,Patriot,0.0,25,False,,,42,512780.jpg,0.0,Sejdiu,0.5,False,,a,1,993,0,257,12,108,1,0.0,0.0,Sejdiu,0,0,0,0,0,0,0,0,0,0,0,0,0,0,0,0,0,0
100.0,100.0,228439,0,0,4,-4,2,3,3.7,3.7,6,Veljko,3.7,26,False,,2021-04-09T11:41:57.566978Z,84,228439.jpg,4.6,Birmancevic,15.0,False,,a,1,993,65,7113,310,2041,12,0.4,7.7,Birmancevic,737,7,1,1,11,0,0,2,0,0,0,6,4,10,19,3,16,45
0.0,0.0,52154,0,0,-2,2,0,4,0.0,0.0,0,Ola,0.0,28,False,Knäskadad. Missar resten av säsongen.,2021-05-21T08:39:46.649014Z,98,52154.jpg,2.2,Toivonen,3.4,False,,i,1,993,18,770,0,2740,3,0.0,1.8,Toivonen,510,0,1,0,8,0,0,0,0,0,0,3,0,0,14,2,6,15
100.0,100.0,173848,0,0,7,-7,2,4,3.0,3.0,0,Antonio,3.0,29,True,,2021-04-19T12:06:34.911048Z,102,173848.jpg,6.0,Colak,36.2,False,,a,1,993,78,15039,122,7256,99,0.3,7.6,Colak,1049,8,2,2,18,0,0,1,0,0,0,6,2,1,14,5,14,28
100.0,100.0,28654,0,0,-1,1,1,2,3.6,3.6,8,Martin,3.6,147,False,,2021-07-20T10:54:31.810271Z,74,28654.jpg,4.1,Olsson,1.4,False,,a,1,993,45,676,15,385,5,0.5,6.1,Olsson,848,1,2,3,11,0,0,1,1,0,0,6,3,15,15,2,36,46
100.0,100.0,531041,0,0,1,-1,2,1,2.2,2.2,0,Ismael,2.2,397,False,,2021-05-11T18:47:42.543360Z,46,531041.jpg,4.8,Diawara,9.2,False,,a,1,993,62,2845,5,1759,87,0.5,13.5,Diawara,1170,0,0,3,23,0,0,3,0,64,0,0,17,0,0,0,17,135
0.0,0.0,535502,0,0,-2,2,0,3,0.0,0.0,0,Ismael,0.0,427,False,Utlånad till Jammerbugt,2021-07-01T09:51:31.231665Z,43,535502.jpg,0.0,Sidibe,0.1,False,,n,1,993,0,1,0,13,0,0.0,0.0,Sidibe,0,0,0,0,0,0,0,0,0,0,0,0,0,0,0,0,0,0
,,534212,0,0,0,0,0,3,0.0,0.0,0,Markus,0.0,448,False,,,45,534212.jpg,1.0,Björkqvist,0.0,False,,a,1,993,1,1,0,0,0,0.0,0.2,Björkqvist,5,0,0,0,0,0,0,0,0,0,0,0,0,0,0,0,0,1
100.0,100.0,486548,0,0,-1,1,1,4,5.0,5.0,8,Abdul Malik,5.0,457,False,,2021-07-16T12:40:16.600533Z,74,486548.jpg,3.4,Abubakari,0.3,False,,a,1,993,17,144,16,26,10,0.7,2.3,Abubakari,269,2,0,2,1,0,0,1,0,0,0,0,1,0,4,0,5,13
100.0,100.0,50448,-1,1,-1,1,0,2,0.0,0.0,0,Niklas,0.0,458,False,,2021-07-16T12:40:16.553356Z,64,50448.jpg,6.0,Moisander,0.2,False,,a,1,993,6,151,0,88,7,0.0,0.9,Moisander,90,0,0,1,0,0,0,0,0,0,0,0,0,0,0,0,2,1
0.0,0.0,461870,0,0,-3,3,0,3,0.0,0.0,0,Peter,-0.7,459,False,Avstängd i GW16,2021-08-16T09:05:47.046096Z,72,461870.jpg,0.0,Gwargis,0.0,False,,s,1,993,0,11,0,10,0,-0.1,0.0,Gwargis,37,0,0,0,1,0,0,0,1,0,0,0,0,0,1,0,5,3
,,201504,0,0,0,0,0,3,0.5,0.5,0,Sergio,0.5,481,False,,,90,201504.jpg,1.0,Peña,0.2,False,,a,1,993,1,112,4,36,2,0.1,0.1,Peña,30,0,0,0,1,0,0,0,0,0,0,0,0,1,2,0,0,2
100.0,100.0,82250,0,0,0,0,0,1,0.6,0.6,3,Davor,0.6,30,False,,2021-04-03T11:47:41.241228Z,50,82250.jpg,3.0,Blazevic,0.1,False,,a,2,1987,3,3,0,19,0,0.1,0.6,Blazevic,90,0,0,0,2,0,0,0,0,1,0,0,2,0,0,0,0,12
,,52629,0,0,-2,2,1,1,2.8,2.8,0,David,2.8,31,False,,,53,52629.jpg,4.6,Ousted,6.3,False,,a,2,1987,51,530,2,1333,16,0.5,9.6,Ousted,990,0,0,2,15,0,0,0,0,41,0,0,14,0,1,0,8,105
100.0,100.0,484389,0,0,-1,1,0,1,1.6,1.6,0,Oliver,1.6,32,False,,2021-04-17T08:21:53.606050Z,44,484389.jpg,5.0,Dovin,1.7,False,,a,2,1987,20,306,3,266,4,0.4,4.5,Dovin,360,0,0,1,4,0,0,0,0,16,0,0,5,0,0,0,6,39
,,60641,0,0,0,0,1,2,3.0,3.0,2,Mads,3.0,33,False,,,55,60641.jpg,3.8,Fenger,4.0,False,,a,2,1987,60,689,2,893,9,0.5,10.9,Fenger,1372,1,0,3,20,0,0,1,0,0,0,2,17,2,8,2,96,80
100.0,100.0,95814,0,0,-3,3,0,2,0.6,0.6,1,Simon,0.6,35,False,,2021-07-10T16:30:43.821039Z,52,95814.jpg,2.4,Sandberg,0.9,False,,a,2,1987,26,92,0,382,1,0.1,5.0,Sandberg,603,0,0,2,10,0,0,2,0,0,0,2,3,9,6,1,27,32
50.0,50.0,82178,0,0,-3,3,0,2,0.0,0.0,0,Richard,0.0,36,False,Skadad. Tillbaka i spel: 1-2 veckor,2021-07-03T13:24:13.264882Z,47,82178.jpg,1.8,Magyar,0.8,False,,d,2,1987,7,98,0,321,1,0.0,1.5,Magyar,217,0,0,0,5,0,0,1,0,0,0,0,3,0,0,0,22,16
,,229216,0,0,2,-2,3,2,4.0,4.0,5,Mohanad,4.0,37,False,,,62,229216.jpg,4.6,Jeahze,13.4,False,,a,2,1987,73,4564,47,1796,39,0.6,11.8,Jeahze,1435,1,5,3,20,0,0,2,0,0,0,12,5,28,44,2,57,78
0.0,0.0,510921,0,0,-2,2,0,2,0.0,0.0,0,Axel,0.2,38,False,Utlånad till Brage,2021-08-05T15:03:56.613590Z,38,510921.jpg,1.0,Sjöberg,1.4,False,,n,2,1987,2,163,1,443,5,0.1,0.5,Sjöberg,66,0,0,0,2,0,0,0,0,0,0,0,0,0,0,0,0,4
,,64570,0,0,-1,1,0,2,3.4,3.4,1,Jon Gudni,3.4,39,False,,,59,64570.jpg,3.3,Fjoluson,4.2,False,,a,2,1987,53,331,0,846,9,0.6,9.0,Fjoluson,1440,0,0,3,21,0,0,2,0,0,0,0,18,1,3,0,99,93
,,487656,0,0,-2,2,1,2,1.0,1.0,1,Aziz,1.0,40,False,,,43,487656.jpg,2.3,Ouattara,1.3,False,,a,2,1987,28,431,0,713,2,0.2,6.5,Ouattara,527,1,0,1,9,0,0,3,0,0,0,0,6,1,0,0,40,38
100.0,100.0,165784,0,0,-2,2,0,3,2.6,2.6,3,Jeppe,2.6,41,False,,2021-07-13T08:24:28.907507Z,58,165784.jpg,3.1,Andersen,1.4,False,,a,2,1987,47,176,0,392,3,0.4,8.1,Andersen,1198,2,0,2,18,0,0,5,0,0,0,2,10,1,17,1,36,99
,,509478,0,0,-5,5,0,3,0.0,0.0,0,Mayckel,0.0,42,False,,,45,509478.jpg,0.0,Lahdo,0.0,False,,a,2,1987,0,2,0,15,0,0.0,0.0,Lahdo,0,0,0,0,0,0,0,0,0,0,0,0,0,0,0,0,0,0
0.0,0.0,447877,0,0,-2,2,0,3,0.0,0.0,0,Abdul-Halik,0.0,43,False,Har lämnat för Lyngby.,2021-07-16T13:18:28.425312Z,43,447877.jpg,1.0,Hudu,0.2,False,,n,2,1987,1,27,0,125,0,0.0,0.2,Hudu,1,0,0,0,0,0,0,0,0,0,0,0,0,0,0,0,0,1
100.0,100.0,82273,0,0,1,-1,2,3,1.4,1.4,6,Abbe,1.4,44,False,,2021-07-06T07:46:15.621330Z,76,82273.jpg,4.2,Khalili,6.3,False,,a,2,1987,46,5043,8,4655,11,0.2,6.1,A Khalili,684,4,2,1,12,0,0,4,0,0,0,3,3,6,8,2,14,47
,,482331,0,0,2,-2,1,3,1.2,1.2,3,Akinkunmi,1.2,45,False,,,72,482331.jpg,3.9,Amoo,24.0,False,,a,2,1987,63,9408,7,8614,117,0.2,8.8,Amoo,941,4,3,2,13,0,0,2,0,0,0,4,4,5,15,2,7,61
100.0,100.0,483091,-1,1,-2,2,0,3,0.8,0.8,0,Aimar,0.8,46,False,,2021-07-06T07:33:27.687995Z,48,483091.jpg,1.3,Sher,0.4,False,,a,2,1987,13,27,0,125,2,0.2,2.7,Sher,467,0,0,2,5,0,0,5,0,0,0,1,1,1,4,1,10,20
,,170163,0,0,-4,4,0,3,2.4,2.4,2,Vladimir,2.4,47,False,,,61,170163.jpg,2.2,Rodic,0.9,False,,a,2,1987,20,41,1,317,1,0.4,3.3,Rodic,333,0,1,1,4,0,0,0,0,0,0,2,2,2,5,2,2,29
,,41102,0,0,-3,3,0,3,0.0,0.0,0,Imad,0.0,48,False,,,62,41102.jpg,0.0,Khalili,0.4,False,,a,2,1987,0,57,0,210,0,0.0,0.0,I Khalili,0,0,0,0,0,0,0,0,0,0,0,0,0,0,0,0,0,0
,,157816,-1,1,-3,3,1,3,3.2,3.2,2,Darijan,3.2,49,False,,,87,157816.jpg,3.9,Bojanic,1.8,False,,a,2,1987,62,781,4,609,20,0.4,7.1,Bojanic,1082,1,3,3,14,0,0,3,0,0,0,14,7,24,37,5,19,69
0.0,0.0,48682,0,0,-1,1,0,3,0.0,0.0,0,Paulinho,0.0,50,False,Skadad. Tillbaka i spel: okänt,2021-07-03T13:24:13.283038Z,79,48682.jpg,0.5,Guerreiro,0.2,False,,i,2,1987,1,4,0,63,0,0.0,0.1,Paulinho,25,0,0,0,0,0,0,1,0,0,0,0,0,0,0,0,0,1
100.0,100.0,486075,0,0,-2,2,1,4,3.8,3.8,1,Astrit,3.8,51,False,,2021-07-01T09:22:54.530107Z,103,486075.jpg,4.2,Selmani,17.2,False,,a,2,1987,67,2853,10,5998,66,0.4,6.5,Selmani,1249,3,5,3,19,0,0,2,0,0,0,9,0,3,21,8,13,28
,,481032,0,0,-2,2,0,4,0.0,0.0,0,Filston,0.0,52,False,,,43,481032.jpg,0.0,Mawana,0.2,False,,a,2,1987,0,20,0,53,0,0.0,0.0,Mawana,0,0,0,0,0,0,0,0,0,0,0,0,0,0,0,0,0,0
,,484488,0,0,0,0,1,3,3.0,3.0,2,Gustav,3.0,53,False,,,95,484488.jpg,4.6,Ludwigson,27.6,False,,a,2,1987,73,7772,15,8110,150,0.3,7.7,Ludwigson,1323,6,1,3,19,0,0,0,0,0,0,3,4,1,15,1,23,55
100.0,100.0,126174,0,0,-3,3,0,3,0.4,0.4,0,David,0.4,54,False,,2021-07-22T20:45:11.443270Z,82,126174.jpg,2.1,Accam,0.3,False,,a,2,1987,25,112,0,200,0,0.0,3.0,Accam,427,1,2,1,5,0,0,2,0,0,0,1,0,0,5,1,8,27
,,473998,0,0,-4,4,0,4,0.2,0.2,0,Loue,0.2,55,False,,,41,473998.jpg,1.0,Bayere Junior,0.4,False,,a,2,1987,5,154,2,151,3,0.0,1.2,Bayere Junior,72,0,0,0,1,0,0,0,0,0,0,0,0,0,0,0,3,1
,,481671,0,0,0,0,0,1,0.0,0.0,0,Ian,0.0,440,False,,,40,481671.jpg,0.0,Pettersson,0.3,False,,a,2,1987,0,109,0,42,3,0.0,0.0,Pettersson,0,0,0,0,0,0,0,0,0,0,0,0,0,0,0,0,0,0
,,543932,0,0,0,0,0,3,1.6,1.6,4,Williot,1.6,451,False,,,45,543932.jpg,2.1,Swedberg,0.3,False,,a,2,1987,15,179,3,48,3,0.4,3.3,Swedberg,198,1,1,0,3,0,0,1,0,0,0,0,0,1,0,0,2,15
,,78897,0,0,1,-1,0,2,5.8,5.8,3,Bjørn,5.8,460,False,,,66,78897.jpg,6.2,Paulsen,4.8,False,,a,2,1987,37,2090,7,272,26,0.9,5.6,Paulsen,540,1,1,2,6,0,0,0,0,0,0,1,9,0,1,1,39,35
,,533595,0,0,-1,1,0,4,0.2,0.2,0,Jusef,0.2,469,False,,,44,533595.jpg,1.0,Erabi,0.0,False,,a,2,1987,1,3,0,2,0,0.0,0.2,Erabi,14,0,0,0,0,0,0,0,0,0,0,0,0,0,0,0,0,0
,,250991,0,0,0,0,0,3,4.0,4.0,6,Aljosa,4.0,488,False,,,70,250991.jpg,4.0,Matko,0.1,False,,a,2,1987,8,53,20,7,5,0.6,1.1,Matko,108,1,0,0,3,0,0,0,0,0,0,0,0,0,0,0,1,6
,,185531,0,0,-3,3,0,2,3.2,3.2,3,Dennis,3.2,34,False,,,52,185531.jpg,2.9,Widgren,0.5,False,,a,3,3056,23,108,1,104,2,0.6,4.4,Widgren,445,0,0,2,9,0,0,0,0,0,0,2,3,4,6,1,13,30
0.0,0.0,245772,0,0,-2,2,0,1,0.0,0.0,0,Lukas,0.0,56,False,Lämnat för Vendsyssel,2021-07-23T12:08:51.034817Z,43,245772.jpg,0.0,Jonsson,4.1,False,,n,3,3056,0,34,0,1883,9,0.0,0.0,Jonsson,0,0,0,0,0,0,0,0,0,0,0,0,0,0,0,0,0,0
100.0,100.0,95919,0,0,2,-2,1,1,4.0,4.0,3,David,4.0,57,False,,2021-07-22T11:06:32.083503Z,52,95919.jpg,4.7,Mitov Nilsson,9.4,False,,a,3,3056,71,2203,9,1406,23,0.8,13.7,Mitov Nilsson,1350,0,0,3,22,0,0,0,0,56,0,0,21,0,0,0,14,161
100.0,100.0,481666,0,0,-1,1,0,1,0.0,0.0,0,Hannes,0.0,58,False,,2021-04-06T06:32:53.592444Z,39,481666.jpg,2.0,Sveijer,4.9,False,,a,3,3056,2,746,23,450,1,0.0,0.5,Sveijer,90,0,0,0,5,0,0,0,0,3,0,0,1,0,0,0,0,7
,,61753,0,0,-1,1,0,2,3.5,3.5,3,Tim,3.5,59,False,,,49,61753.jpg,2.8,Björkström,1.7,False,,a,3,3056,44,176,4,373,6,0.7,9.0,Björkström,1440,0,0,3,27,0,0,1,0,0,0,0,10,2,4,0,79,77
,,523956,0,0,-3,3,0,2,4.2,4.2,3,Patrick,4.2,60,False,,,42,523956.jpg,3.6,Nwadike,1.5,False,,a,3,3056,32,665,18,240,7,1.0,7.6,Nwadike,699,0,0,2,14,0,0,0,0,0,0,0,12,0,0,0,48,61
100.0,100.0,157974,-1,1,-3,3,0,2,0.8,0.8,0,Karl,0.8,61,False,,2021-05-04T07:03:34.161372Z,47,157974.jpg,1.7,Larson,0.5,False,,a,3,3056,22,11,0,125,0,0.2,4.7,Larson,363,0,1,1,6,0,0,0,0,0,0,1,0,3,4,1,10,19
0.0,0.0,433876,0,0,-3,3,0,2,0.0,0.0,0,Axel,0.0,62,False,Lämnat för Arsenal Tula,2021-07-07T09:32:05.665784Z,57,433876.jpg,3.1,Björnström,8.5,False,,n,3,3056,28,433,0,5378,15,0.0,4.9,Björnström,810,0,1,1,14,0,0,2,0,0,0,4,5,12,15,1,11,46
0.0,0.0,51670,0,0,0,0,0,2,0.0,0.0,0,Kebba,0.0,63,False,Lämnat för Vasalunds IF,2021-03-15T13:22:17.585857Z,50,51670.jpg,0.0,Ceesay,0.1,False,,u,3,3056,0,0,0,15,0,0.0,0.0,Ceesay,0,0,0,0,0,0,0,0,0,0,0,0,0,0,0,0,0,0
0.0,0.0,160796,0,0,-2,2,0,3,0.0,0.0,0,Sam,0.0,64,False,Hälskadad. Tillbaka i spel: okänt,2021-03-23T09:47:18.669633Z,53,160796.jpg,0.0,Lundholm,0.0,False,,i,3,3056,0,2,0,13,0,0.0,0.0,Lundholm,0,0,0,0,0,0,0,0,0,0,0,0,0,0,0,0,0,0
0.0,0.0,501560,0,0,0,0,0,3,0.0,0.0,0,Simon,0.0,65,False,Lämnat för Västerås SK,2021-03-30T11:29:19.934433Z,45,501560.jpg,0.0,Gefvert,0.0,False,,u,3,3056,0,0,0,7,0,0.0,0.0,Gefvert,0,0,0,0,0,0,0,0,0,0,0,0,0,0,0,0,0,0
100.0,100.0,446351,0,0,-1,1,0,3,2.8,2.8,2,Nahom,2.8,66,False,,2021-04-25T09:55:05.717360Z,54,446351.jpg,2.4,Girmai Netabay,0.3,False,,a,3,3056,36,27,0,71,0,0.5,6.7,Girmai Netabay,930,0,2,5,14,0,0,3,0,0,0,1,1,2,6,1,17,45
100.0,100.0,443250,0,0,-1,1,0,2,2.2,2.2,1,Adam,2.2,67,False,,2021-07-10T07:14:40.139394Z,49,443250.jpg,1.8,Ståhl,0.1,False,,a,3,3056,20,6,0,23,0,0.4,4.1,Ståhl,548,0,0,1,13,0,0,0,0,0,0,0,3,6,4,0,25,33
0.0,0.0,113395,0,0,-5,5,1,3,0.0,0.0,0,Mohammed,0.2,68,False,Lämnat för Trelleborgs FF,2021-07-24T13:08:57.917361Z,60,113395.jpg,1.9,Saeid,2.7,False,,u,3,3056,23,57,0,1550,4,0.0,3.8,Saeid,357,1,1,0,9,0,0,1,0,0,0,1,1,3,5,1,1,14
100.0,100.0,195532,0,0,4,-4,1,3,2.5,2.5,3,Jacob,2.5,69,False,,2021-07-27T13:57:31.680828Z,59,195532.jpg,4.1,Ortmark,9.0,False,,a,3,3056,61,6037,6,3311,43,0.4,10.3,Ortmark,1176,3,2,3,21,0,0,4,0,0,0,5,8,6,23,1,13,80
100.0,100.0,209817,0,0,0,0,2,3,4.2,4.2,2,Marcus,4.2,70,False,,2021-07-13T08:25:41.763184Z,50,209817.jpg,3.8,Mathisen,0.7,False,,a,3,3056,50,368,4,258,6,0.8,10.0,Mathisen,1170,1,1,3,18,0,0,3,0,0,0,1,15,0,11,1,75,89
0.0,0.0,169407,0,0,-3,3,0,3,0.0,0.0,0,Aron,0.0,71,False,Skadad. Tillbaka i spel: okänt,2021-06-21T08:20:12.477957Z,52,169407.jpg,0.0,Bjarnason,0.2,False,,i,3,3056,0,5,0,148,0,0.0,0.0,Bjarnason,0,0,0,0,0,0,0,0,0,0,0,0,0,0,0,0,0,0
100.0,100.0,193782,0,0,-1,1,0,3,1.2,1.2,1,Adam,1.2,72,False,,2021-07-20T10:57:14.849804Z,44,193782.jpg,2.5,Hellborg,7.7,False,,a,3,3056,32,1024,3,2744,19,0.3,7.3,Hellborg,937,0,1,1,20,0,0,7,0,0,0,1,11,0,10,0,34,81
100.0,100.0,171167,0,0,-4,4,0,3,2.5,2.5,3,Yukiya,2.5,73,False,,2021-04-25T14:07:04.987660Z,76,171167.jpg,2.4,Sugita,2.9,False,,a,3,3056,26,159,0,1787,3,0.3,3.4,Sugita,815,0,0,3,13,0,0,1,0,0,0,4,0,1,21,1,4,19
,,439917,0,0,-3,3,0,3,3.5,3.5,2,Laorent,3.5,74,False,,,52,439917.jpg,2.3,Shabani,0.2,False,,a,3,3056,32,25,0,53,0,0.7,6.2,Shabani,696,1,1,3,15,0,0,1,0,0,0,0,1,9,15,0,16,26
,,507929,0,0,0,0,0,2,0.0,0.0,0,Jamie,0.0,75,False,,,45,507929.jpg,2.6,Roche,1.3,False,,a,3,3056,31,474,0,469,7,0.0,6.9,Roche,919,0,0,1,20,0,0,2,0,0,0,1,11,1,3,1,60,56
,,509041,0,0,-2,2,0,2,0.5,0.5,0,Johan,0.5,76,False,,,43,509041.jpg,2.3,Karlsson,0.3,False,,a,3,3056,25,39,0,123,2,0.1,5.8,Karlsson,375,1,1,0,7,0,0,1,0,0,0,2,3,1,2,2,10,26
0.0,0.0,427977,0,0,0,0,0,3,0.0,0.0,0,Isak,0.0,77,False,Utlånad till Sandvikens IF,2021-03-16T11:10:31.701325Z,45,427977.jpg,0.0,Bråholm,0.0,False,,u,3,3056,0,0,0,1,0,0.0,0.0,Bråholm,0,0,0,0,0,0,0,0,0,0,0,0,0,0,0,0,0,0
0.0,0.0,495439,0,0,-1,1,0,4,0.0,0.0,0,Joakim,0.0,78,False,Utlånad till IK Brage,2021-07-10T07:14:40.157974Z,44,495439.jpg,1.0,Persson,0.6,False,,u,3,3056,3,229,0,348,0,0.0,0.7,Persson,28,0,0,0,0,0,0,0,0,0,0,0,0,0,1,0,0,0
0.0,0.0,81347,0,0,0,0,0,4,0.0,0.0,0,Kennedy,0.0,79,False,Lämnat för IFK Mariehamn,2021-03-19T09:16:10.195904Z,55,81347.jpg,0.0,Igboananike,0.1,False,,u,3,3056,0,0,0,37,0,0.0,0.0,Igboananike,0,0,0,0,0,0,0,0,0,0,0,0,0,0,0,0,0,0
,,101176,0,0,5,-5,0,4,3.2,3.2,7,Christian,3.2,80,False,,,60,101176.jpg,4.6,Kouakou,17.6,False,,a,3,3056,73,9469,48,4365,92,0.5,12.2,Kouakou,1327,7,2,4,23,0,0,1,0,0,0,1,0,1,6,1,3,9
0.0,0.0,471249,0,0,-5,5,0,4,0.0,0.0,0,Ekin,0.2,81,False,Utlånad till Vasalund,2021-08-07T08:04:38.487679Z,50,471249.jpg,2.0,Bulut,0.2,False,,n,3,3056,10,19,0,211,1,0.0,2.0,Bulut,44,1,0,0,4,0,0,0,0,0,0,0,0,0,0,0,0,2
100.0,100.0,217973,0,0,-1,1,0,2,0.2,0.2,1,Joseph,0.2,426,False,,2021-07-19T15:10:01.470924Z,44,217973.jpg,2.6,Colley,3.2,False,,a,3,3056,29,1918,0,1750,9,0.0,6.6,Colley,817,0,0,1,17,0,0,1,0,0,0,0,12,0,3,0,63,52
,,519870,0,0,0,0,0,3,0.0,0.0,0,Samuel,0.0,437,False,,,45,519870.jpg,1.0,Wikman,0.0,False,,a,3,3056,1,6,0,2,0,0.0,0.2,S Wikman,5,0,0,0,2,0,0,0,0,0,0,0,0,0,0,0,0,1
,,533454,0,0,0,0,0,3,0.0,0.0,0,Adam,0.0,445,False,,,45,533454.jpg,0.0,Wikman,0.0,False,,a,3,3056,0,0,0,0,0,0.0,0.0,A Wikman,0,0,0,0,0,0,0,0,0,0,0,0,0,0,0,0,0,0
,,538828,0,0,0,0,0,3,0.0,0.0,0,Emil,0.0,446,False,,,45,538828.jpg,0.0,Ozkan,0.0,False,,a,3,3056,0,0,0,0,0,0.0,0.0,Özkan,0,0,0,0,0,0,0,0,0,0,0,0,0,0,0,0,0,0
,,543855,0,0,0,0,0,2,0.0,0.0,0,Tim,0.0,450,False,,,40,543855.jpg,0.0,Olsson,0.0,False,,a,3,3056,0,12,0,5,0,0.0,0.0,Olsson,0,0,0,0,0,0,0,0,0,0,0,0,0,0,0,0,0,0
,,543780,-1,1,-3,3,0,3,0.0,0.0,0,Herman,0.0,454,False,,,47,543780.jpg,1.0,Sjögrell,0.0,False,,a,3,3056,2,10,1,4,1,0.0,0.4,Sjögrell,39,0,0,0,1,0,0,0,0,0,0,0,0,0,0,0,0,1
,,203390,0,0,0,0,0,3,2.8,2.8,4,Moustafa,2.8,467,False,,,50,203390.jpg,2.2,Zeidan,0.0,False,,a,3,3056,13,14,0,4,0,0.6,2.6,Zeidan,372,0,0,2,3,0,0,0,0,0,0,1,1,2,7,0,9,23
,,105393,0,0,0,0,0,1,0.0,0.0,0,Karim,0.0,471,False,,,40,105393.jpg,0.0,Fegrouche,0.0,False,,a,3,3056,0,4,0,1,0,0.0,0.0,Fegrouche,0,0,0,0,0,0,0,0,0,0,0,0,0,0,0,0,0,0
,,545558,0,0,0,0,0,1,0.0,0.0,0,August,0.0,474,False,,,45,545558.jpg,0.0,Ahlin,0.0,False,,a,3,3056,0,5,1,0,0,0.0,0.0,Ahlin,0,0,0,0,0,0,0,0,0,0,0,0,0,0,0,0,0,0
,,242156,0,0,0,0,0,4,0.3,0.3,1,Edi,0.3,480,False,,,50,242156.jpg,0.5,Sylisufaj,0.0,False,,a,3,3056,1,11,3,3,1,0.1,0.2,Sylisufaj,39,0,0,0,1,0,0,1,0,0,0,0,0,0,2,0,0,1
,,105211,0,0,0,0,0,1,4.4,4.4,2,Giannis,4.4,82,False,,,60,105211.jpg,4.7,Anestis,7.6,False,,a,4,244,75,908,5,1170,15,0.7,12.5,Anestis,1440,0,0,5,20,0,0,0,0,48,0,0,19,0,0,0,9,159
,,73439,0,0,-1,1,0,1,0.0,0.0,0,Ole,0.0,83,False,,,49,73439.jpg,0.0,Söderberg,0.5,False,,a,4,244,0,13,0,53,0,0.0,0.0,Söderberg,0,0,0,0,0,0,0,0,0,0,0,0,0,0,0,0,0,0
0.0,0.0,228912,0,0,0,0,0,1,0.0,0.0,0,Tom,0.0,84,False,Utlånad till Utsiktens BK,2021-04-03T08:31:24.107980Z,40,228912.jpg,0.0,Amos,0.5,False,,u,4,244,0,0,0,77,1,0.0,0.0,Amos,0,0,0,0,0,0,0,0,0,0,0,0,0,0,0,0,0,0
100.0,100.0,170023,0,0,-1,1,0,2,2.6,2.6,2,Carl,2.6,85,False,,2021-03-26T09:37:44.391762Z,59,170023.jpg,2.8,Johansson,1.3,False,,a,4,244,22,418,0,473,2,0.4,3.7,C.Johansson,716,0,0,1,13,0,0,3,0,0,0,0,11,0,4,0,66,40
100.0,100.0,512352,0,0,-2,2,0,2,0.2,0.2,0,Yahya,0.2,86,False,,2021-03-26T09:37:44.414273Z,48,512352.jpg,1.1,Kalley,0.1,False,,a,4,244,9,34,1,52,0,0.0,1.9,Kalley,285,0,0,0,6,0,0,2,0,0,0,0,2,2,2,0,6,22
,,51769,0,0,0,0,0,2,2.6,2.6,2,Mattias,2.6,87,False,,,55,51769.jpg,3.6,Bjärsmyr,9.1,False,,a,4,244,57,1358,1,1815,20,0.5,10.4,Bjärsmyr,1440,0,0,5,20,0,0,2,0,0,0,0,15,1,1,0,84,82
0.0,0.0,449942,0,0,0,0,0,2,0.0,0.0,0,Rasmus,0.0,88,False,Lämnat för Bröndby,2021-03-16T11:09:42.738506Z,45,449942.jpg,0.0,Wikström,0.0,False,,u,4,244,0,0,0,2,0,0.0,0.0,Wikström,0,0,0,0,0,0,0,0,0,0,0,0,0,0,0,0,0,0
0.0,0.0,495633,0,0,1,-1,0,2,0.0,0.0,0,Jesper,0.0,89,False,Lämnat för Lommel,2021-07-05T15:37:52.149015Z,51,495633.jpg,4.5,Tolinsson,1.2,False,,u,4,244,36,1158,0,1258,2,0.0,7.1,Tolinsson,702,0,0,4,7,0,0,0,0,0,0,0,6,1,2,0,32,36
,,240166,0,0,1,-1,0,2,3.8,3.8,1,Alexander,3.8,90,False,,,56,240166.jpg,4.3,Jallow,22.2,False,,a,4,244,69,4391,25,5467,64,0.7,12.3,Jallow,1392,1,2,5,19,0,0,1,0,0,0,7,6,17,18,2,46,67
100.0,100.0,232091,0,0,-1,1,0,3,1.6,1.6,2,August,1.6,91,False,,2021-05-11T18:48:52.377106Z,49,232091.jpg,2.3,Erlingmark,2.7,False,,a,4,244,30,191,3,864,2,0.3,6.1,Erlingmark,1049,0,0,4,14,0,0,4,0,0,0,1,5,0,6,1,50,54
0.0,0.0,459212,0,0,-3,3,0,3,0.0,0.0,0,Alhassan,0.0,92,False,Lämnat för Royal Antwerp.,2021-07-16T18:04:48.143814Z,52,459212.jpg,3.6,Yusuf,6.9,False,,n,4,244,36,870,0,4331,16,0.0,6.9,Yusuf,761,0,2,4,9,0,0,0,0,0,0,2,6,0,8,1,18,63
100.0,100.0,51767,0,0,0,0,0,3,1.6,1.6,1,Sebastian,1.6,93,False,,2021-08-03T08:02:43.555548Z,50,51767.jpg,3.1,Eriksson,0.5,False,,a,4,244,43,222,2,149,5,0.3,8.6,Eriksson,1091,1,1,3,18,0,0,5,0,0,0,1,11,2,4,1,26,87
0.0,0.0,51850,0,0,-2,2,0,3,0.0,0.0,0,Jakob,0.0,94,False,Har avslutat karriären.,2021-03-26T09:37:44.435132Z,48,51850.jpg,0.0,Johansson,0.1,False,,u,4,244,0,3,0,32,1,0.0,0.0,J.Johansson,0,0,0,0,0,0,0,0,0,0,0,0,0,0,0,0,0,0
100.0,100.0,157743,0,0,0,0,0,3,1.2,1.2,1,Hosam,1.2,95,False,,2021-05-19T11:40:03.604013Z,80,157743.jpg,2.5,Aiesh,0.5,False,,a,4,244,30,273,0,285,1,0.2,3.8,Aiesh,694,1,1,2,10,0,0,2,0,0,0,1,1,8,13,1,4,32
100.0,100.0,451555,0,0,-4,4,0,3,0.2,0.2,1,Kevin,0.2,96,False,,2021-07-11T10:45:22.509386Z,46,451555.jpg,2.8,Yakob,1.7,False,,a,4,244,25,321,1,1276,3,0.0,5.4,Yakob,370,2,0,2,2,0,0,0,0,0,0,0,1,1,3,0,6,15
100.0,100.0,501547,0,0,-3,3,0,3,1.2,1.2,1,Gustaf,1.2,97,False,,2021-05-08T09:33:44.383006Z,62,501547.jpg,1.8,Norlin,1.3,False,,a,4,244,24,24,0,596,0,0.2,3.9,Norlin,520,0,0,3,4,0,0,0,0,0,0,3,0,3,6,3,18,25
100.0,100.0,508407,0,0,-1,1,0,3,0.0,0.0,0,Isak,0.0,98,False,,2021-05-23T07:58:38.559408Z,44,508407.jpg,0.0,Dahlqvist,0.1,False,,a,4,244,0,2,0,8,0,0.0,0.0,Dahlqvist,0,0,0,0,0,0,0,0,0,0,0,0,0,0,0,0,0,0
,,61778,0,0,-1,1,3,3,4.6,4.6,3,Tobias,4.6,99,False,,,84,61778.jpg,4.7,Sana,15.2,False,,a,4,244,75,4627,68,5258,45,0.5,8.9,Sana,1440,3,3,5,20,0,1,1,0,0,0,8,9,23,25,2,4,76
,,492024,0,0,-1,1,0,3,0.0,0.0,0,Tim,0.0,100,False,,,44,492024.jpg,0.0,van Assema,0.1,False,,a,4,244,0,3,0,9,0,0.0,0.0,van Assema,0,0,0,0,0,0,0,0,0,0,0,0,0,0,0,0,0,0
100.0,100.0,449943,0,0,-2,2,0,3,0.0,0.0,0,Noah,0.0,101,False,,2021-05-23T07:58:38.578961Z,43,449943.jpg,1.0,Alexandersson,0.5,False,,a,4,244,1,56,1,136,1,0.0,0.2,Alexandersson,5,0,0,0,1,0,0,0,0,0,0,0,0,0,0,0,0,0
,,511334,0,0,-2,2,0,3,0.0,0.0,0,Lucas,0.0,102,False,,,43,511334.jpg,0.0,Kahed,0.1,False,,a,4,244,0,6,0,13,1,0.0,0.0,Kåhed,0,0,0,0,0,0,0,0,0,0,0,0,0,0,0,0,0,0
0.0,0.0,51855,0,0,-1,1,0,3,0.0,0.0,0,Pontus,0.0,103,False,Har avslutat karriären.,2021-07-11T10:45:22.527431Z,64,51855.jpg,1.5,Wernbloom,0.8,False,,u,4,244,9,16,0,314,2,0.0,1.4,Wernbloom,132,0,0,1,0,0,0,1,0,0,0,0,2,0,1,0,7,9
0.0,0.0,218138,0,0,-3,3,0,3,0.0,0.0,0,Patrik,0.0,104,False,Rehabtränar,2021-03-26T09:37:44.456355Z,72,218138.jpg,0.0,Karlsson-Lagemyr,0.1,False,,i,4,244,0,1,0,51,0,0.0,0.0,Karlsson-Lagemyr,0,0,0,0,0,0,0,0,0,0,0,0,0,0,0,0,0,0
100.0,50.0,95879,0,0,-2,2,0,3,1.0,0.5,4,Simon,1.0,105,False,,2021-08-14T09:20:06.971126Z,73,95879.jpg,3.1,Thern,4.4,False,,a,4,244,25,351,3,2416,3,0.1,3.4,Thern,488,0,2,3,3,0,0,1,0,0,0,4,0,1,12,2,9,19
0.0,0.0,19802,0,0,-1,1,0,3,0.0,0.0,0,Marek,0.0,106,False,Lämnat för Trabzonspor,2021-06-19T15:42:43.924042Z,124,19802.jpg,3.8,Hamsik,2.0,False,,u,4,244,23,234,0,771,0,0.0,1.9,Hamsik,440,1,0,1,7,0,0,0,0,0,0,0,6,6,4,0,4,50
100.0,100.0,83758,0,0,-1,1,2,4,2.6,2.6,2,Kolbeinn,2.6,107,False,,2021-04-03T07:20:39.084070Z,69,83758.jpg,3.9,Sigthorsson,6.8,False,,a,4,244,62,5215,13,3388,39,0.4,9.0,Sigthorsson,1275,4,4,4,17,0,0,1,0,0,0,1,0,0,8,0,23,35
100.0,100.0,491237,0,0,-2,2,0,4,0.2,0.2,0,Oscar,0.2,108,False,,2021-07-26T09:09:13.577114Z,38,491237.jpg,1.0,Vilhelmsson,4.8,False,,a,4,244,3,1317,10,2221,24,0.1,0.8,Vilhelmsson,43,0,0,0,1,0,0,0,0,0,0,0,0,0,1,0,0,1
100.0,100.0,51870,0,0,-2,2,0,4,1.8,1.8,6,Robin,1.8,109,False,,2021-05-02T10:49:49.895090Z,83,51870.jpg,2.2,Söder,1.3,False,,a,4,244,18,83,0,616,1,0.2,2.2,Söder,99,2,0,0,3,0,0,0,0,0,0,0,0,0,3,0,4,3
,,534209,0,0,-1,1,0,4,0.0,0.0,0,Alfons,0.0,434,False,,,39,534209.jpg,0.0,Nygaard,0.3,False,,a,4,244,0,214,1,141,2,0.0,0.0,Nygaard,0,0,0,0,0,0,0,0,0,0,0,0,0,0,0,0,0,0
,,536148,0,0,0,0,0,3,0.0,0.0,0,Filip,0.0,435,False,,,45,536148.jpg,1.0,Ambroz,0.0,False,,a,4,244,1,6,0,5,0,0.0,0.2,Ambroz,3,0,0,0,0,0,0,0,0,0,0,0,0,0,0,0,0,0
,,539218,0,0,0,0,0,2,0.0,0.0,0,Hannes,0.0,447,False,,,40,539218.jpg,0.0,Lennartsson,0.0,False,,a,4,244,0,17,0,8,0,0.0,0.0,Lennartsson,0,0,0,0,0,0,0,0,0,0,0,0,0,0,0,0,0,0
0.0,,39457,0,0,-1,1,0,2,0.0,2.4,0,Oscar,2.4,461,False,Sjuk.,2021-08-23T11:40:29.907082Z,69,39457.jpg,3.0,Wendt,2.5,False,,n,4,244,15,1787,1,809,33,0.3,2.2,Wendt,438,0,0,1,8,0,0,1,0,0,0,2,4,7,8,0,17,35
100.0,50.0,46072,0,0,0,0,1,4,4.4,2.2,2,Marcus,4.4,462,False,,2021-08-18T12:51:36.465597Z,105,46072.jpg,4.8,Berg,3.9,False,,a,4,244,29,1996,24,515,31,0.4,2.8,Berg,540,3,1,1,10,0,0,1,0,0,0,0,0,0,5,0,8,9
,,51774,0,0,0,0,0,3,2.8,2.8,3,Gustav,2.8,472,False,,,50,51774.jpg,2.8,Svensson,0.1,False,,a,4,244,14,35,0,7,1,0.6,2.8,Svensson,431,0,0,1,8,0,0,1,0,0,0,0,4,0,0,0,19,25
,,547235,0,0,0,0,0,2,0.0,0.0,0,Bernardo,0.0,489,False,,,50,547235.jpg,0.0,Vilar Estevão Jeronimo,0.1,False,,a,4,244,0,24,0,2,0,0.0,0.0,Vilar,0,0,0,0,0,0,0,0,0,0,0,0,0,0,0,0,0,0
100.0,100.0,117885,0,0,-4,4,0,1,0.0,0.0,0,Mathias,0.0,110,False,,2021-07-25T08:17:08.353832Z,46,117885.jpg,0.0,Dyngeland,0.6,False,,a,5,375,0,9,0,466,0,0.0,0.0,Dyngeland,0,0,0,0,0,0,0,0,0,0,0,0,0,0,0,0,0,0
100.0,100.0,241641,0,0,2,-2,3,1,5.5,5.5,3,Tim,5.5,111,False,,2021-03-20T20:02:39.739236Z,62,241641.jpg,5.3,Rönning,5.4,False,,a,5,375,85,1888,46,573,17,0.9,13.7,Rönning,1440,0,0,7,15,1,0,2,0,44,0,0,18,0,1,0,19,144
0.0,0.0,433421,0,0,-1,1,0,2,0.0,0.0,0,Joseph,0.0,112,False,Lämnat för KAA Gent,2021-06-30T08:16:42.924255Z,64,433421.jpg,4.0,Okumu,3.1,False,,u,5,375,28,182,0,2325,3,0.0,4.4,Okumu,535,0,0,2,7,0,0,1,0,0,0,0,10,0,4,0,48,55
100.0,100.0,76008,0,0,1,-1,3,2,2.2,2.2,1,Johan,2.2,113,False,,2021-07-16T13:59:32.229034Z,81,76008.jpg,5.5,Larsson,20.3,False,,a,5,375,72,4738,42,6623,34,0.3,8.9,Larsson,1153,1,3,5,14,0,0,1,0,0,0,10,7,29,22,2,48,66
100.0,100.0,226118,0,0,-1,1,2,2,5.5,5.5,1,Leo,5.5,114,False,,2021-04-07T11:36:07.117080Z,59,226118.jpg,5.3,Väisänen,1.8,False,,a,5,375,53,377,8,357,3,0.9,9.0,Väisänen,900,2,1,4,11,0,0,2,0,0,0,1,7,1,1,1,61,48
,,532005,0,0,-1,1,0,2,0.0,0.0,0,Gustav,0.0,115,False,,,39,532005.jpg,0.0,Broman,1.1,False,,a,5,375,0,81,0,226,1,0.0,0.0,Broman,0,0,0,0,0,0,0,0,0,0,0,0,0,0,0,0,0,0
100.0,100.0,114516,0,0,0,0,2,2,6.5,6.5,6,Frederik,6.5,116,False,,2021-05-11T15:04:59.563450Z,55,114516.jpg,5.3,Holst,4.1,False,,a,5,375,74,1260,128,746,8,1.2,13.5,Holst,1010,1,3,7,6,0,0,3,0,0,0,1,8,3,14,0,35,71
,,424887,0,0,-1,1,0,2,4.8,4.8,2,Christopher,4.8,117,False,,,49,424887.jpg,3.6,McVey,0.3,False,,a,5,375,43,120,8,113,3,1.0,8.8,McVey,722,0,0,5,5,0,0,2,0,0,0,1,7,1,6,1,39,67
,,442881,0,0,9,-9,1,2,5.0,5.0,2,Simon,5.0,118,True,,,64,442881.jpg,5.2,Strand,28.8,False,,a,5,375,84,12218,142,2353,23,0.8,13.1,Strand,1440,0,1,7,15,0,0,2,0,0,0,5,23,14,18,2,90,137
,,470078,0,0,-2,2,0,2,0.0,0.0,0,Oliver,0.0,119,False,,,43,470078.jpg,0.0,Zandén,0.1,False,,a,5,375,0,2,0,33,0,0.0,0.0,Zandén,0,0,0,0,0,0,0,0,0,0,0,0,0,0,0,0,0,0
50.0,50.0,432876,0,0,0,0,2,2,1.4,1.4,0,Maudo,2.8,120,False,Huvudskadad. Tillbaka i spel: 1 vecka,2021-08-15T16:33:40.277426Z,55,432876.jpg,5.1,Jarjue,3.6,False,,d,5,375,61,4122,0,3061,28,0.5,11.1,Jarjue,1004,1,1,5,8,0,0,1,0,0,0,0,12,1,2,0,66,70
,,531067,0,0,-2,2,0,3,0.8,0.8,0,Ahmed,0.8,121,False,,,48,531067.jpg,2.2,Qasem,0.1,False,,a,5,375,11,9,0,25,0,0.2,2.3,Qasem,108,0,1,1,0,0,0,0,0,0,0,1,0,1,2,1,2,6
100.0,100.0,116696,0,0,1,-1,0,3,3.2,3.2,2,André,3.2,122,False,,2021-04-27T20:39:17.409889Z,61,116696.jpg,4.1,Römer,2.6,False,,a,5,375,61,1830,23,1011,12,0.5,10.0,Römer,1286,1,3,6,14,0,0,5,0,0,0,2,15,10,13,1,49,116
100.0,100.0,156670,0,0,0,0,2,3,2.5,2.5,8,Robert,2.5,123,False,,2021-07-22T20:44:21.741878Z,50,156670.jpg,3.4,Gojani,1.1,False,,a,5,375,48,447,7,540,1,0.5,9.6,Gojani,1122,1,1,7,10,0,0,2,0,0,0,4,5,6,13,2,35,68
100.0,100.0,477403,0,0,-2,2,1,3,4.8,4.8,8,Alexander,4.8,124,False,,2021-08-08T15:59:56.051866Z,48,477403.jpg,2.8,Bernhardsson,0.4,False,,a,5,375,31,171,52,137,2,1.0,6.5,Bernhardsson,327,3,1,1,2,0,0,0,0,0,0,0,0,2,8,0,6,23
100.0,100.0,447575,0,0,-2,2,0,3,3.2,3.2,2,Rasmus,3.2,125,False,,2021-08-03T08:10:57.785485Z,78,447575.jpg,3.9,Alm,3.2,False,,a,5,375,39,1124,4,4329,4,0.4,5.0,Alm,697,1,3,4,6,0,0,3,0,0,0,3,4,5,8,3,5,44
100.0,100.0,240234,0,0,-1,1,0,3,0.5,0.5,0,Simon,0.5,126,False,,2021-05-13T08:20:04.946046Z,69,240234.jpg,1.2,Olsson,0.8,False,,a,5,375,6,116,0,430,0,0.1,0.9,Olsson,158,0,0,0,1,0,0,0,0,0,0,0,1,0,1,0,1,14
,,506214,0,0,-3,3,0,3,2.2,2.2,6,Jacob,2.2,127,False,,,52,506214.jpg,1.9,Ondrejka,0.3,False,,a,5,375,27,140,0,241,1,0.4,5.2,Ondrejka,461,1,1,1,7,0,0,0,0,0,0,0,0,3,6,0,11,32
100.0,100.0,48458,0,0,-2,2,0,3,0.8,0.8,1,Samuel,0.8,128,False,,2021-05-11T18:48:25.619874Z,48,48458.jpg,0.9,Holmen,0.3,False,,a,5,375,13,12,0,100,1,0.2,2.7,S Holmen,370,0,0,0,8,0,0,3,0,0,0,0,0,2,2,0,4,24
0.0,0.0,504880,0,0,-1,1,0,3,0.0,0.0,0,Prince,0.0,129,False,Ryggskada. Tillbaka i spel: okänt,2021-07-10T15:29:29.256722Z,44,504880.jpg,0.0,Isaac Kouame,0.1,False,,i,5,375,0,1,0,21,0,0.0,0.0,Isaac Kouame,0,0,0,0,0,0,0,0,0,0,0,0,0,0,0,0,0,0
,,226964,0,0,-1,1,1,3,3.5,3.5,1,Jeppe,3.5,130,False,,,69,226964.jpg,3.6,Okkels,3.3,False,,a,5,375,58,914,19,724,14,0.5,8.4,Okkels,1168,4,0,6,11,0,0,1,0,0,0,2,3,5,17,1,14,65
,,470085,0,0,-2,2,0,3,0.0,0.0,0,Noah,0.0,131,False,,,43,470085.jpg,0.8,Soderberg,0.1,False,,a,5,375,3,19,0,23,0,0.0,0.7,Soderberg,56,0,0,0,1,0,0,1,0,0,0,0,0,0,0,0,0,5
100.0,100.0,470082,0,0,-1,1,0,4,0.2,0.2,0,Jack,0.2,132,False,,2021-04-07T11:36:07.176926Z,44,470082.jpg,1.0,Cooper Love,0.5,False,,a,5,375,6,168,3,189,1,0.0,1.4,Cooper Love,32,0,0,0,2,0,0,0,0,0,0,0,0,0,0,0,0,1
100.0,100.0,119081,0,0,-1,1,1,4,4.2,4.2,2,Per,4.2,133,False,,2021-07-13T08:24:53.105762Z,84,119081.jpg,3.6,Frick,6.4,False,,a,5,375,51,1563,6,3936,9,0.5,6.1,Frick,1022,4,2,5,9,0,1,3,0,0,0,4,1,2,17,1,16,28
100.0,100.0,443251,0,0,1,-1,2,4,3.8,3.8,3,Marokhy,3.8,134,False,,2021-07-23T17:06:06.547491Z,51,443251.jpg,3.8,Ndione,14.0,False,,a,5,375,57,14108,34,10157,48,0.7,11.2,Ndione,769,5,4,4,11,0,0,4,0,0,0,1,1,0,8,1,18,24
,,470084,0,0,-2,2,0,3,0.0,0.0,0,Kevin,0.0,135,False,,,43,470084.jpg,0.0,Holmen,0.3,False,,a,5,375,0,27,0,47,0,0.0,0.0,K Holmen,0,0,0,0,0,0,0,0,0,0,0,0,0,0,0,0,0,0
,,449932,0,0,-3,3,0,1,0.0,0.0,0,Simon,0.0,424,False,,,47,449932.jpg,0.0,Andersson,0.1,False,,a,5,375,0,1,0,30,0,0.0,0.0,Andersson,0,0,0,0,0,0,0,0,0,0,0,0,0,0,0,0,0,0
,,507433,0,0,0,0,0,1,0.0,0.0,0,Hákon Rafn,0.0,475,False,,,40,507433.jpg,0.0,Valdimarsson,0.0,False,,a,5,375,0,0,0,0,0,0.0,0.0,Valdimarsson,0,0,0,0,0,0,0,0,0,0,0,0,0,0,0,0,0,0
,,531827,0,0,0,0,0,2,0.0,0.0,0,Gustaf,0.0,485,False,,,50,531827.jpg,0.0,Lagerbielke,0.0,False,,a,5,375,0,2,0,0,0,0.0,0.0,Lagerbielke,0,0,0,0,0,0,0,0,0,0,0,0,0,0,0,0,0,0
,,193140,0,0,0,0,0,4,2.3,2.3,1,Sveinn Aron,1.0,497,False,,,65,193140.jpg,1.0,Gudjohnsen,0.0,False,,a,5,375,1,0,0,0,0,0.2,0.2,Gudjohnsen,5,0,0,0,2,0,0,0,0,0,0,0,0,0,0,0,0,0
0.0,0.0,61708,0,0,-1,1,0,1,0.0,0.0,0,Peter,3.4,136,False,Avstängd GW16,2021-08-17T07:21:17.817457Z,64,61708.jpg,4.3,Abrahamsson,0.3,False,,s,6,1959,30,96,1,83,2,0.5,4.7,Abrahamsson,630,0,0,2,9,0,0,3,0,21,0,0,9,0,0,0,8,70
,,95564,0,0,0,0,0,1,0.0,0.0,0,Alexander,0.0,137,False,,,40,95564.jpg,0.0,Nadj,2.0,False,,a,6,1959,0,132,0,142,1,0.0,0.0,Nadj,0,0,0,0,0,0,0,0,0,0,0,0,0,0,0,0,0,0
0.0,0.0,206882,0,0,-2,2,0,1,0.0,0.0,0,Pontus,0.0,138,False,Återvänt till Watford,2021-06-19T15:39:59.295812Z,63,206882.jpg,3.1,Dahlberg,5.2,False,,u,6,1959,25,131,0,2711,5,0.0,4.0,Dahlberg,720,0,0,0,12,0,0,2,0,27,0,0,8,0,0,0,8,67
,,179300,0,0,-2,2,0,1,0.0,0.0,0,Jonathan,0.0,139,False,,,48,179300.jpg,0.0,Rasheed,0.2,False,,a,6,1959,0,4,0,41,0,0.0,0.0,Rasheed,0,0,0,0,0,0,0,0,0,0,0,0,0,0,0,0,0,0
100.0,100.0,157828,0,0,-2,2,0,1,0.4,0.4,2,Johan,0.4,140,False,,2021-04-07T20:36:33.945020Z,48,157828.jpg,2.0,Brattberg,0.1,False,,a,6,1959,2,2,0,29,0,0.1,0.4,Brattberg,90,0,0,0,2,0,0,0,0,2,0,0,1,0,0,0,0,11
100.0,100.0,505995,0,0,-1,1,0,2,2.4,2.4,2,Tobias,2.4,141,False,,2021-04-24T06:42:57.115757Z,44,505995.jpg,2.9,Carlsson,0.5,False,,a,6,1959,20,154,4,68,0,0.5,4.5,Carlsson,585,0,0,2,9,0,0,1,0,0,1,0,5,1,2,0,36,26
100.0,100.0,94660,0,0,-3,3,0,2,0.6,0.6,0,Johan,0.6,142,False,,2021-08-02T17:28:55.867463Z,52,94660.jpg,1.8,Hammar,0.9,False,,a,6,1959,21,90,1,499,1,0.1,4.0,Hammar,724,0,0,0,15,0,0,5,0,0,0,0,11,0,4,0,72,45
100.0,100.0,40646,0,0,-4,4,0,2,2.2,2.2,1,Joona,2.2,143,False,,2021-04-19T12:05:30.123325Z,61,40646.jpg,2.7,Toivio,6.4,False,,a,6,1959,38,217,0,3949,3,0.4,6.2,Toivio,1129,0,0,2,16,0,0,1,0,0,0,0,9,1,1,0,81,37
100.0,100.0,191772,0,0,2,-2,1,2,3.4,3.4,2,Elohor Godswill,3.4,144,False,,2021-04-07T11:11:34.901228Z,72,191772.jpg,4.1,Ekpolo,5.6,False,,a,6,1959,66,1729,5,1170,19,0.5,9.2,Ekpolo,1440,1,1,2,23,0,0,1,0,0,0,2,23,11,15,0,76,134
0.0,0.0,15447,0,0,-3,3,0,2,0.0,0.0,0,Rasmus,0.0,145,False,Fotskadad. Tillbaka i spel: okänt,2021-07-01T09:35:33.702847Z,57,15447.jpg,3.1,Lindgren,5.7,False,,i,6,1959,22,180,0,3947,3,0.0,3.9,Lindgren,595,1,0,1,10,0,0,3,0,0,0,0,4,0,3,0,22,40
100.0,100.0,474489,0,0,-4,4,0,2,1.2,1.2,0,Oskar,1.2,146,False,,2021-05-01T09:18:33.533897Z,46,474489.jpg,1.4,Sverrisson,0.5,False,,a,6,1959,15,32,0,256,0,0.3,3.3,Sverrisson,364,0,0,0,7,0,0,0,0,0,0,0,3,3,5,0,18,35
,,451293,0,0,-4,4,0,2,0.4,0.4,0,Valgeir,0.4,148,False,,,46,451293.jpg,1.4,Lunddal Fridriksson,0.2,False,,a,6,1959,7,48,0,143,2,0.1,1.5,Lunddal Fridriksson,189,0,0,0,4,0,0,0,0,0,0,0,1,0,0,0,6,12
100.0,100.0,523959,0,0,-1,1,0,2,0.6,0.6,2,Yannick,0.6,149,False,,2021-05-01T09:18:33.560037Z,49,523959.jpg,1.5,Adjoumani,0.1,False,,a,6,1959,3,2,0,32,0,0.1,0.6,Adjoumani,63,0,0,0,0,0,0,0,0,0,0,1,0,1,1,1,0,4
100.0,100.0,206702,0,0,-1,1,1,3,2.6,2.6,3,Gustaf,2.6,150,False,,2021-05-11T18:47:23.762692Z,54,206702.jpg,3.3,Berggren,3.0,False,,a,6,1959,50,398,2,1090,8,0.5,9.3,Berggren,1350,0,4,2,20,0,0,4,0,0,0,3,7,1,13,2,48,76
0.0,0.0,469124,0,0,-3,3,0,3,0.0,0.0,0,Ali,0.0,151,False,Korsbandsskadad. Missar resten av säsongen,2021-07-22T20:44:46.429780Z,57,469124.jpg,2.9,Youssef,0.4,False,,i,6,1959,20,200,0,305,0,0.0,3.5,Youssef,271,2,0,1,5,0,0,0,0,0,0,0,0,0,4,0,0,7
100.0,100.0,234961,0,0,-1,1,0,3,2.4,2.4,0,Daleho,2.4,152,False,,2021-07-29T10:59:37.729940Z,89,234961.jpg,3.2,Irandust,1.6,False,,a,6,1959,19,686,3,323,21,0.3,2.1,Irandust,268,2,1,0,6,0,0,2,0,0,0,1,0,2,7,1,0,13
100.0,100.0,81651,0,0,-2,2,0,3,1.6,1.6,1,Alexander,1.6,153,False,,2021-07-27T13:50:20.696504Z,48,81651.jpg,1.9,Faltsetas,0.6,False,,a,6,1959,27,75,0,175,0,0.3,5.6,Faltsetas,901,0,1,1,19,0,0,5,0,0,0,0,6,0,6,0,37,67
,,207884,0,0,-5,5,1,3,3.4,3.4,7,Tobias,3.4,154,False,,,65,207884.jpg,3.9,Heintz,4.4,False,,a,6,1959,58,877,3,3639,12,0.5,8.9,Heintz,1137,2,3,3,15,0,0,2,0,0,0,4,6,12,23,1,17,64
0.0,0.0,48672,0,0,-2,2,0,3,0.0,0.0,0,Erik,0.0,155,False,Vadskadad. Tillbaka i spel: okänt,2021-08-01T11:00:25.407379Z,53,48672.jpg,2.0,Friberg,1.7,False,,i,6,1959,12,32,0,1012,2,0.0,2.3,Friberg,379,0,0,1,4,0,0,3,0,0,0,1,4,2,4,0,11,43
,,501553,0,0,-1,1,2,3,1.0,1.0,1,Patrik,1.0,156,False,,,69,501553.jpg,3.1,Wålemark,4.6,False,,a,6,1959,49,1933,1,1612,40,0.1,7.1,Wålemark,812,2,4,3,11,0,0,2,0,0,0,3,1,4,12,2,14,29
100.0,100.0,516886,0,0,-2,2,0,3,0.2,0.2,0,Samir,0.2,157,False,,2021-04-24T06:43:42.395038Z,43,516886.jpg,1.0,Maarouf,0.1,False,,a,6,1959,2,9,1,21,0,0.0,0.5,Maarouf,19,0,0,0,0,0,0,0,0,0,0,0,0,0,0,0,1,0
100.0,100.0,523957,0,0,-4,4,1,3,2.2,2.2,3,Bénie,2.2,158,False,,2021-07-11T12:13:34.911736Z,56,523957.jpg,3.1,Traore,4.9,False,,a,6,1959,46,1834,2,4850,12,0.4,8.2,Traore,752,2,3,0,14,0,0,1,0,0,0,5,2,2,13,3,12,44
100.0,100.0,235796,0,0,-4,4,1,3,3.6,3.6,1,Leo,3.6,159,False,,2021-07-06T07:34:19.009703Z,81,235796.jpg,2.4,Bengtsson,3.2,False,,a,6,1959,36,372,1,2837,4,0.4,4.4,Bengtsson,1034,2,0,3,17,0,0,4,0,0,0,0,2,2,9,0,18,43
0.0,0.0,484399,0,0,-4,4,0,3,0.0,0.0,0,William,0.0,160,False,Utlånad till Norrby,2021-08-06T17:14:23.343434Z,46,484399.jpg,1.0,Milovanovic,0.1,False,,n,6,1959,2,4,0,28,0,0.0,0.4,Milovanovic,9,0,0,0,0,0,0,0,0,0,0,0,0,1,0,0,0,0
50.0,50.0,523958,0,0,-1,1,0,3,0.0,0.0,0,Ture,0.0,161,False,Hjärnskakning. Tillbaka i spel: okänt,2021-05-07T14:27:10.219725Z,44,523958.jpg,0.0,Widestrand,0.1,False,,d,6,1959,0,2,0,14,0,0.0,0.0,Widestrand,0,0,0,0,0,0,0,0,0,0,0,0,0,0,0,0,0,0
100.0,100.0,177843,0,0,-1,1,1,4,4.4,4.4,1,Alexander,4.4,162,False,,2021-07-29T18:10:16.281122Z,94,177843.jpg,4.7,Jeremejeff,19.7,False,,a,6,1959,71,4714,26,10850,93,0.5,7.6,Jeremejeff,1185,7,2,2,19,0,0,2,0,0,0,4,0,0,20,2,22,31
100.0,100.0,208495,0,0,-1,1,0,4,0.8,0.8,2,Jasse,0.8,163,False,,2021-03-23T09:12:05.928596Z,64,208495.jpg,1.3,Tuominen,0.1,False,,a,6,1959,4,5,0,20,0,0.1,0.6,Tuominen,115,0,0,0,2,0,0,0,0,0,0,0,0,0,2,0,2,3
,,516888,0,0,-2,2,0,4,0.0,0.0,0,Leonardo,0.0,164,False,,,48,516888.jpg,0.0,Farah Shahin,0.1,False,,a,6,1959,0,12,0,36,1,0.0,0.0,Shahin,0,0,0,0,0,0,0,0,0,0,0,0,0,0,0,0,0,0
0.0,0.0,447579,0,0,-4,4,0,4,0.0,0.0,0,Jack,0.0,165,False,Återvänt till Amiens,2021-06-28T19:41:15.986838Z,66,447579.jpg,0.0,Lahne,1.3,False,,u,6,1959,0,24,0,667,1,0.0,0.0,Lahne,0,0,0,0,0,0,0,0,0,0,0,0,0,0,0,0,0,0
100.0,100.0,157740,0,0,-2,2,0,3,0.4,0.4,1,Samuel,0.4,463,False,,2021-07-29T10:59:37.747853Z,68,157740.jpg,1.0,Gustafson,0.0,False,,a,6,1959,3,38,0,21,0,0.1,0.4,Gustafson,113,0,0,0,0,0,0,0,0,0,0,0,0,1,0,0,4,6
0.0,0.0,151678,0,0,-2,2,0,3,0.0,0.0,0,Nasiru,1.0,473,False,Knäskadad. Tillbaka i spel: okänt,2021-08-08T09:54:20.281334Z,73,151678.jpg,2.5,Mohammed,0.0,False,,i,6,1959,5,18,0,14,0,0.1,0.7,Mohammed,45,0,1,0,1,0,0,0,0,0,0,0,0,0,0,0,1,3
,,546893,0,0,0,0,0,2,0.0,0.0,0,Franklin,0.0,483,False,,,50,546893.jpg,0.0,Tebo,0.0,False,,a,6,1959,0,0,0,0,0,0.0,0.0,Tebo,0,0,0,0,0,0,0,0,0,0,0,0,0,0,0,0,0,0
,,544415,0,0,0,0,0,2,0.5,0.5,1,Kristoffer,0.5,491,False,,,55,544415.jpg,1.0,Lund,0.0,False,,a,6,1959,1,0,0,0,0,0.1,0.2,Lund,85,0,0,0,2,0,0,0,0,0,0,0,0,1,1,0,2,5
0.0,0.0,193460,0,0,-2,2,1,1,0.0,0.0,0,Aleksandr,0.0,166,False,"Skadad. ""Borta en längre tid""",2021-05-16T16:36:30.418939Z,58,193460.jpg,4.7,Vasyutin,2.7,False,,i,7,1406,33,1527,0,2462,3,0.0,5.7,Vasyutin,565,0,0,3,4,0,0,0,0,13,0,0,7,0,0,0,9,54
100.0,100.0,61768,0,0,-1,1,0,1,0.0,0.0,0,Tommy,0.0,167,False,,2021-04-12T07:53:52.476708Z,59,61768.jpg,2.0,Vaiho,0.7,False,,a,7,1406,2,134,1,335,1,0.0,0.3,Vaiho,64,0,0,0,2,0,0,0,0,2,0,0,1,0,0,0,1,8
100.0,100.0,478969,0,0,4,-4,0,2,3.0,3.0,7,Hjalmar,3.0,168,False,,2021-07-16T15:03:17.333331Z,59,478969.jpg,5.0,Ekdal,8.7,False,,a,7,1406,65,4104,23,3077,8,0.5,11.0,Ekdal,1063,0,0,8,6,0,0,1,0,0,0,0,11,0,2,0,71,61
0.0,0.0,102420,0,0,-1,1,0,2,0.0,0.0,0,Erik,0.0,169,False,Avslutat karriären,2021-03-23T09:28:35.852554Z,54,102420.jpg,0.0,Berg,0.1,False,,u,7,1406,0,4,0,59,0,0.0,0.0,Berg,0,0,0,0,0,0,0,0,0,0,0,0,0,0,0,0,0,0
0.0,0.0,506219,0,0,-2,2,0,2,0.0,0.0,0,Linus,0.0,170,False,I rehab. Tillbaka i spel: okänt,2021-04-18T08:21:49.471299Z,38,506219.jpg,0.0,Tagesson,0.3,False,,i,7,1406,0,22,0,113,1,0.0,0.0,Tagesson,0,0,0,0,0,0,0,0,0,0,0,0,0,0,0,0,0,0
100.0,100.0,157818,0,0,1,-1,2,2,4.6,4.6,8,Jacob,4.6,171,True,,2021-08-10T08:30:46.105515Z,61,157818.jpg,5.5,Une Larsson,14.6,False,,a,7,1406,77,3388,33,2812,21,0.8,12.6,Une Larsson,1161,2,0,8,9,0,0,3,0,0,0,0,12,0,3,0,77,72
0.0,0.0,185363,0,0,8,-8,7,2,0.0,0.0,0,Aslak Fonn,3.8,172,True,Lämnat för AZ,2021-08-09T20:19:52.352739Z,88,185363.jpg,7.7,Witry,18.2,False,,u,7,1406,108,11133,0,14601,179,0.4,12.3,Witry,1260,5,2,7,12,0,0,2,0,0,1,10,14,35,29,1,54,110
100.0,100.0,247527,0,0,-2,2,0,2,0.6,0.6,0,Jesper,0.6,173,False,,2021-03-23T09:28:35.876043Z,48,247527.jpg,1.0,Nyholm,0.1,False,,a,7,1406,4,9,0,37,1,0.1,0.8,Nyholm,51,0,0,0,1,0,0,0,0,0,0,0,0,0,1,0,3,6
100.0,100.0,156265,0,0,4,-4,1,2,5.2,5.2,7,Elliot,5.2,174,True,,2021-08-05T14:59:50.119195Z,64,156265.jpg,5.5,Käck,18.4,False,,a,7,1406,82,6528,129,1814,21,0.8,12.8,Käck,1350,0,1,9,10,0,0,0,0,0,0,5,11,16,16,1,46,87
100.0,100.0,509763,0,0,-1,1,0,2,0.0,0.0,0,Melker,0.0,175,False,,2021-04-07T11:20:50.135946Z,39,509763.jpg,0.0,Jonsson,0.5,False,,a,7,1406,0,15,0,97,0,0.0,0.0,Jonsson,0,0,0,0,0,0,0,0,0,0,0,0,0,0,0,0,0,0
50.0,50.0,523990,0,0,-1,1,0,2,0.0,0.0,0,Axel,0.0,176,False,Utlånad till IFK Haninge. Kan spela för båda klubbarna.,2021-03-23T09:28:35.898052Z,44,523990.jpg,0.0,Wallenborg,0.0,False,,d,7,1406,0,0,0,4,0,0.0,0.0,Wallenborg,0,0,0,0,0,0,0,0,0,0,0,0,0,0,0,0,0,0
,,450035,0,0,-4,4,0,2,0.0,0.0,0,Leo,0.0,177,False,,,51,450035.jpg,0.0,Cornic,0.3,False,,a,7,1406,0,109,1,152,3,0.0,0.0,Cornic,23,0,0,0,2,0,0,0,0,0,0,0,0,1,0,0,0,1
50.0,50.0,523991,0,0,-3,3,0,2,0.0,0.0,0,Isak,0.0,178,False,Utlånad till Vasalunds IF. Kan spela för båda klubbarna.,2021-07-30T15:06:08.143279Z,47,523991.jpg,1.0,Hien,0.1,False,,d,7,1406,1,2,0,29,0,0.0,0.2,Hien,2,0,0,0,1,0,0,0,0,0,0,0,0,0,0,0,0,0
,,51869,0,0,-1,1,1,3,3.0,3.0,4,Nicklas,3.0,179,False,,,69,51869.jpg,4.1,Bärkroth,11.6,False,,a,7,1406,66,9030,14,5893,29,0.4,9.6,Bärkroth,950,4,2,9,3,0,0,0,0,0,0,2,3,14,15,2,11,46
100.0,100.0,447144,0,0,1,-1,0,3,3.2,3.2,4,Hampus,3.2,180,False,,2021-04-12T07:53:52.651508Z,51,447144.jpg,4.5,Finndell,2.7,False,,a,7,1406,58,1304,9,575,8,0.6,11.4,Finndell,1102,3,0,7,9,0,0,1,0,0,0,1,10,1,8,0,28,81
100.0,100.0,66282,0,0,-2,2,0,3,4.2,4.2,2,Haris,4.2,181,False,,2021-04-07T11:20:50.167047Z,68,66282.jpg,2.8,Radetinac,0.8,False,,a,7,1406,44,101,1,151,0,0.6,6.5,Radetinac,790,2,1,4,8,0,0,1,0,0,0,2,3,6,8,2,24,49
100.0,100.0,97874,0,0,-3,3,0,3,0.2,0.2,1,Curtis,0.2,182,False,,2021-04-15T12:31:27.658619Z,52,97874.jpg,2.8,Edwards,0.8,False,,a,7,1406,14,30,0,301,0,0.0,2.7,Edwards,273,0,0,3,0,0,0,0,0,0,0,0,3,0,2,0,7,23
,,423651,0,0,0,0,2,3,2.2,2.2,4,Edward,2.2,183,False,,,70,423651.jpg,4.4,Chilufya,34.1,False,,a,7,1406,66,5665,11,8399,123,0.3,9.4,Chilufya,1187,3,3,8,12,0,0,0,0,0,0,5,0,5,19,3,4,42
50.0,50.0,514338,0,0,-1,1,0,3,0.0,0.0,0,Mattias,0.0,185,False,Utlånad till IFK Haninge. Kan spela för båda klubbarna.,2021-07-18T17:37:38.307267Z,44,514338.jpg,0.0,Mitku,0.1,False,,d,7,1406,0,5,0,41,0,0.0,0.0,Mitku,0,0,0,0,0,0,0,0,0,0,0,0,0,0,0,0,0,0
,,66553,0,0,12,-12,6,3,6.4,6.4,5,Magnus,6.4,186,True,,,97,66553.jpg,7.0,Eriksson,40.8,False,,a,7,1406,112,15125,112,1131,9,0.7,11.5,Eriksson,1440,2,9,9,12,0,0,1,0,0,0,20,15,30,49,7,34,122
,,423650,0,0,-2,2,0,3,1.2,1.2,2,Emmanuel,1.2,187,False,,,58,423650.jpg,2.1,Banda,0.1,False,,a,7,1406,23,18,0,30,0,0.2,4.0,Banda,202,2,0,0,2,0,0,0,0,0,0,1,1,2,5,1,4,10
0.0,0.0,63954,0,0,0,0,0,3,0.0,0.0,0,Rasmus,3.0,188,False,Avstängd i GW16,2021-08-16T09:06:41.881928Z,55,63954.jpg,3.4,Schüller,1.4,False,,s,7,1406,51,486,0,580,6,0.5,9.3,Schüller,1242,0,1,7,11,0,0,3,0,0,0,2,14,1,14,1,47,120
100.0,100.0,225042,0,0,-4,4,0,3,0.2,0.2,1,Albion,0.2,189,False,,2021-07-18T17:37:38.324434Z,76,225042.jpg,1.0,Ademi,0.2,False,,a,7,1406,2,7,0,107,0,0.0,0.3,Ademi,3,0,0,0,0,0,0,0,0,0,0,0,0,1,0,0,0,0
,,219727,0,0,-4,4,0,4,2.4,2.4,1,Joel,2.4,190,False,,,81,219727.jpg,1.8,Asoro,1.3,False,,a,7,1406,23,123,2,594,2,0.3,2.8,Asoro,414,0,1,2,4,0,0,0,0,0,0,3,0,5,10,2,1,12
,,51997,0,0,-4,4,0,4,0.2,0.2,0,Emir,0.2,191,False,,,71,51997.jpg,0.8,Kujovic,1.5,False,,a,7,1406,5,39,0,640,0,0.0,0.7,Kujovic,87,0,0,0,4,0,0,1,0,0,0,0,0,0,1,0,3,2
,,95958,-1,1,-4,4,0,4,1.4,1.4,2,Karl,1.4,192,False,,,76,95958.jpg,2.7,Holmberg,6.8,False,,a,7,1406,40,1645,0,3379,8,0.2,5.3,Holmberg,973,1,2,10,4,0,0,1,0,0,0,2,0,0,12,2,5,37
0.0,0.0,533384,0,0,-2,2,0,4,0.0,0.0,0,Peter,0.0,193,False,Utlånad till Åtvidabergs IF.,2021-07-30T15:06:08.184695Z,53,533384.jpg,0.0,McGregor,0.2,False,,n,7,1406,0,3,0,46,0,0.0,0.0,McGregor,0,0,0,0,0,0,0,0,0,0,0,0,0,0,0,0,0,0
,,473882,0,0,-3,3,0,2,4.4,4.4,0,Jesper,4.4,428,False,,,52,473882.jpg,3.4,Löfgren,1.0,False,,a,7,1406,44,334,6,232,5,0.8,8.5,Löfgren,712,1,1,3,8,0,0,1,0,0,0,0,8,0,1,0,44,57
100.0,100.0,479393,0,0,3,-3,1,1,5.4,5.4,8,Jacob,5.4,436,False,,2021-04-15T12:31:27.637451Z,48,479393.jpg,5.9,Widell Zetterström,8.1,False,,a,7,1406,53,3327,50,270,12,1.1,11.0,Zetterström,810,0,0,6,6,0,0,0,0,15,0,0,12,0,1,0,13,89
100.0,100.0,110369,0,0,1,-1,0,1,3.0,3.0,5,Bobby,3.0,194,False,,2021-07-27T13:58:34.775369Z,51,110369.jpg,4.2,Allain,1.9,False,,a,8,2596,55,498,4,666,2,0.6,10.8,Allain,1170,0,0,2,24,0,0,3,0,50,0,0,19,0,0,0,15,150
,,523952,0,0,-1,1,0,1,1.4,1.4,0,Mergim,1.4,195,False,,,44,523952.jpg,3.3,Krasniqi,0.4,False,,a,8,2596,10,47,0,43,0,0.3,2.3,Krasniqi,270,0,0,0,5,0,0,0,0,9,0,0,4,0,0,0,6,34
0.0,0.0,508539,0,0,0,0,0,1,0.0,0.0,0,Gustav,0.0,196,False,Utlånad till FC Linköping City,2021-06-30T08:19:27.197172Z,40,508539.jpg,0.0,Leijon,1.4,False,,u,8,2596,0,98,0,236,3,0.0,0.0,Leijon,0,0,0,0,0,0,0,0,0,0,0,0,0,0,0,0,0,0
100.0,100.0,135414,0,0,-2,2,0,2,1.8,1.8,3,Kevin,1.8,197,False,,2021-04-10T08:47:13.894835Z,48,135414.jpg,1.7,Wright,1.0,False,,a,8,2596,12,128,0,487,6,0.4,2.5,Wright,536,0,0,0,9,0,0,1,0,0,0,0,2,3,2,0,19,25
100.0,100.0,223842,0,0,-2,2,0,2,2.0,2.0,-1,Andreas,2.0,198,False,,2021-07-13T08:26:49.203656Z,53,223842.jpg,2.7,Skovgaard,1.4,False,,a,8,2596,41,105,1,361,3,0.4,7.7,Skovgaard,1312,0,0,2,27,0,0,5,1,0,0,0,21,1,3,0,134,66
,,61769,0,0,-3,3,1,2,0.4,0.4,1,Michael,0.4,199,False,,,42,61769.jpg,2.2,Almebäck,8.0,False,,a,8,2596,28,1089,0,3718,13,0.1,6.7,Almebäck,974,0,0,2,22,0,0,2,0,0,0,0,6,0,0,0,64,36
,,484393,0,0,-2,2,0,2,0.0,0.0,0,Niclas,0.0,200,False,,,38,484393.jpg,1.0,Bergmark,2.4,False,,a,8,2596,2,450,16,578,5,0.0,0.5,Bergmark,23,0,0,0,1,0,0,0,0,0,0,0,0,0,0,0,3,1
100.0,100.0,182412,0,0,-1,1,0,2,0.8,0.8,0,Daniel,0.8,201,False,,2021-07-10T16:32:07.185895Z,44,182412.jpg,1.4,Björnquist,0.4,False,,a,8,2596,18,53,1,111,0,0.2,4.1,Björnquist,530,0,0,1,16,0,0,0,0,0,0,1,0,5,9,1,13,16
0.0,0.0,241630,0,0,-2,2,0,2,0.0,0.0,0,Arvid,0.0,202,False,Lämnat för Örgryte IS.,2021-03-23T09:59:52.418204Z,43,241630.jpg,0.0,Brorsson,0.0,False,,n,8,2596,0,1,0,9,0,0.0,0.0,Brorsson,0,0,0,0,0,0,0,0,0,0,0,0,0,0,0,0,0,0
,,484396,0,0,-2,2,0,2,2.2,2.2,1,Hussein,2.2,203,False,,,43,484396.jpg,2.7,Ali,2.5,False,,a,8,2596,41,774,3,1405,8,0.5,9.5,H.Ali,1061,0,1,3,18,0,0,2,0,0,0,2,6,8,7,1,63,45
,,496963,0,0,-2,2,0,2,2.4,2.4,2,Benjamin,2.4,204,False,,,43,496963.jpg,2.2,Hjertstrand,0.5,False,,a,8,2596,31,48,0,128,0,0.6,7.2,Hjertstrand,1130,0,0,1,23,0,0,1,0,0,0,1,8,3,5,1,66,63
,,111716,0,0,-2,2,0,3,1.0,1.0,1,Martin,1.0,205,False,,,53,111716.jpg,1.0,Broberg,0.2,False,,a,8,2596,5,8,0,40,0,0.2,0.9,Broberg,103,0,0,0,2,0,0,0,0,0,0,0,0,0,1,0,4,6
0.0,0.0,230565,0,0,-2,2,0,3,0.0,0.0,0,Alfred,0.0,206,False,Lämnat klubben.,2021-06-30T12:51:46.229541Z,43,230565.jpg,0.0,Ajdarevic,0.4,False,,u,8,2596,0,77,0,192,1,0.0,0.0,Ajdarevic,0,0,0,0,0,0,0,0,0,0,0,0,0,0,0,0,0,0
,,479386,0,0,-4,4,0,3,4.4,4.4,2,Dennis,4.4,207,False,,,46,479386.jpg,2.8,Collander,2.9,False,,a,8,2596,42,591,7,1549,6,1.0,9.1,Collander,1032,2,0,3,21,0,0,2,0,0,0,0,4,2,6,0,34,52
100.0,100.0,479351,0,0,-1,1,0,3,0.4,0.4,0,Jake,0.4,208,False,,2021-04-10T08:47:13.916827Z,64,479351.jpg,1.4,Larsson,0.4,False,,a,8,2596,14,12,0,125,0,0.1,2.2,Larsson,309,0,0,1,9,0,0,0,0,0,0,1,0,0,4,0,4,11
,,518598,0,0,-1,1,0,3,0.0,0.0,0,Noel,0.0,209,False,,,44,518598.jpg,1.0,Milleskog,0.1,False,,a,8,2596,2,11,0,13,0,0.0,0.5,Milleskog,12,0,0,0,0,0,0,0,0,0,0,0,0,0,0,0,1,3
100.0,100.0,52347,0,0,-3,3,0,3,2.2,2.2,1,Nordin,2.2,210,False,,2021-07-13T08:26:49.222339Z,52,52347.jpg,1.9,Gerzic,1.2,False,,a,8,2596,29,32,0,444,3,0.4,5.6,Gerzic,922,0,0,0,17,0,0,4,0,0,0,2,8,6,14,0,23,80
,,502513,0,0,0,0,1,3,3.4,3.4,3,David,3.4,211,False,,,60,502513.jpg,3.8,Seger,2.0,False,,a,8,2596,61,652,2,585,7,0.6,10.2,Seger,1301,1,3,3,27,0,0,1,0,0,0,8,6,12,21,4,25,77
100.0,100.0,48781,0,0,-2,2,0,3,2.4,2.4,0,Kevin,2.4,212,False,,2021-04-10T08:47:27.588665Z,53,48781.jpg,2.8,Walker,0.6,False,,a,8,2596,22,43,1,379,3,0.5,4.2,Walker,545,0,2,0,11,0,0,2,0,0,0,4,0,10,10,1,14,18
0.0,0.0,504774,0,0,-5,5,0,3,0.0,0.0,0,Taha,0.2,213,False,Utlånad till Västerås SK,2021-08-12T08:01:03.214322Z,50,504774.jpg,1.0,Ali,0.1,False,,u,8,2596,2,3,0,59,0,0.0,0.4,T.Ali,12,0,0,0,0,0,0,0,0,0,0,0,0,0,1,0,0,2
0.0,0.0,107684,0,0,-2,2,0,3,0.0,0.0,0,Robin,0.0,214,False,Lämnat för Jönköpings Södra.,2021-03-23T09:59:52.445355Z,53,107684.jpg,0.0,Book,0.0,False,,n,8,2596,0,1,0,13,0,0.0,0.0,Book,0,0,0,0,0,0,0,0,0,0,0,0,0,0,0,0,0,0
50.0,50.0,51717,0,0,1,-1,2,3,1.3,1.3,7,Johan,2.6,215,False,Skadad i GW14,2021-08-10T08:53:06.743213Z,46,51717.jpg,3.4,Mårtensson,3.1,False,,d,8,2596,51,1446,0,1191,11,0.6,11.1,Mårtensson,1262,1,1,3,26,0,0,3,0,0,0,1,13,0,7,1,60,81
0.0,0.0,247655,0,0,-2,2,0,4,0.0,0.0,0,Rasmus,0.0,216,False,Återvänt till Fortuna Sittard,2021-04-20T11:07:58.096042Z,58,247655.jpg,0.0,Karjalainen,0.2,False,,n,8,2596,0,2,0,108,0,0.0,0.0,Karjalainen,0,0,0,0,0,0,0,0,0,0,0,0,0,0,0,0,0,0
0.0,0.0,216000,0,0,-2,2,0,4,0.0,0.0,0,Erik,0.2,217,False,Utlånad till Västerås SK,2021-07-28T18:50:22.326735Z,53,216000.jpg,1.2,Björndahl,0.3,False,,n,8,2596,15,21,0,99,2,0.0,2.8,Björndahl,345,0,0,1,10,0,0,1,0,0,0,0,2,0,4,0,14,13
100.0,100.0,52159,0,0,-2,2,0,4,0.2,0.2,0,Agon,0.2,218,False,,2021-07-10T16:32:07.209729Z,58,52159.jpg,1.8,Mehmeti,1.3,False,,a,8,2596,14,131,0,476,1,0.0,2.4,Mehmeti,303,1,0,1,7,0,0,1,0,0,0,0,0,0,3,0,4,7
,,202516,0,0,-3,3,1,4,2.6,2.6,7,Deniz,2.6,219,False,,,62,202516.jpg,3.8,Hümmet,4.6,False,,a,8,2596,57,1263,10,2660,18,0.4,9.2,Hümmet,1276,5,0,3,25,0,0,2,0,0,0,1,3,0,7,1,19,68
,,535991,0,0,0,0,0,3,0.0,0.0,0,Anton,0.0,433,False,,,45,535991.jpg,0.0,Ingves,0.0,False,,a,8,2596,0,1,0,0,0,0.0,0.0,Ingves,0,0,0,0,0,0,0,0,0,0,0,0,0,0,0,0,0,0
100.0,100.0,52160,0,0,-1,1,0,3,0.8,0.8,4,Jiloan,0.8,465,False,,2021-07-16T09:43:40.971525Z,79,52160.jpg,4.0,Hamad,0.4,False,,a,8,2596,4,250,6,111,2,0.1,0.5,Hamad,90,0,0,0,1,0,0,0,0,0,0,1,1,2,3,0,1,8
100.0,100.0,66449,1,-1,3,-3,1,3,5.6,5.6,3,Nahir,5.6,466,False,,2021-07-16T09:43:40.989368Z,88,66449.jpg,5.6,Besara,9.1,False,,a,8,2596,28,3807,20,261,70,0.6,3.2,Besara,434,2,1,1,5,0,0,1,0,0,0,3,2,6,10,1,12,22
,,473227,0,0,0,0,0,2,2.7,2.7,4,Nasiru,2.7,477,False,,,45,473227.jpg,4.0,Moro,0.1,False,,a,8,2596,8,35,1,2,0,0.6,1.8,Moro,180,0,0,0,2,0,0,0,0,0,0,0,4,0,1,0,19,12
,,485258,0,0,0,0,0,4,0.0,0.0,0,Richard Emeka,0.0,486,False,,,55,485258.jpg,0.0,Friday,0.0,False,,a,8,2596,0,1,0,0,0,0.0,0.0,Friday,0,0,0,0,0,0,0,0,0,0,0,0,0,0,0,0,0,0
,,247560,0,0,0,0,0,4,0.5,0.5,1,Patrick Luan,0.5,487,False,,,55,247560.jpg,1.0,Dos Santos,0.0,False,,a,8,2596,1,8,2,1,0,0.1,0.2,Luan,17,0,0,0,0,0,0,0,0,0,0,0,0,0,0,0,0,2
0.0,0.0,95955,0,0,0,0,0,3,0.0,0.0,0,Ahmed,0.0,495,False,Knäskadad,2021-08-20T18:48:41.321104Z,65,95955.jpg,0.0,Yasin Ghani Mousa,0.0,False,,i,8,2596,0,0,0,0,0,0.0,0.0,Yasin,0,0,0,0,0,0,0,0,0,0,0,0,0,0,0,0,0,0
,,39812,0,0,-1,1,2,1,4.2,4.2,2,Oscar,4.2,220,False,,,59,39812.jpg,4.7,Jansson,24.6,False,,a,9,483,75,1396,10,3842,65,0.7,12.7,Jansson,1440,0,0,3,18,1,0,0,0,44,0,0,22,0,0,0,18,172
,,225685,0,0,-1,1,0,1,0.0,0.0,0,Julius,0.0,221,False,,,44,225685.jpg,0.0,Lindgren,0.3,False,,a,9,483,0,14,0,32,0,0.0,0.0,Lindgren,0,0,0,0,0,0,0,0,0,0,0,0,0,0,0,0,0,0
0.0,0.0,501589,0,0,0,0,0,1,0.0,0.0,0,Felix,0.0,222,False,Utlånad till Jönköpings Södra,2021-03-31T17:28:43.247653Z,40,501589.jpg,0.0,Jakobsson,0.1,False,,u,9,483,0,0,0,15,0,0.0,0.0,F Jakobsson,0,0,0,0,0,0,0,0,0,0,0,0,0,0,0,0,0,0
,,479367,0,0,-1,1,0,1,0.0,0.0,0,Wille,0.0,223,False,,,44,479367.jpg,0.0,Jakobsson,0.1,False,,a,9,483,0,3,0,13,0,0.0,0.0,W Jakobsson,0,0,0,0,0,0,0,0,0,0,0,0,0,0,0,0,0,0
50.0,50.0,204938,0,0,-3,3,0,2,0.0,0.0,0,Egzon,0.0,224,False,Skadad. Tillbaka i spel: okänt,2021-04-08T09:29:44.581870Z,47,204938.jpg,0.0,Binaku,0.1,False,,d,9,483,0,1,0,57,0,0.0,0.0,Binaku,0,0,0,0,0,0,0,0,0,0,0,0,0,0,0,0,0,0
100.0,100.0,186531,0,0,-3,3,0,2,2.6,2.6,3,Henrik,2.6,225,False,,2021-05-26T19:25:54.455106Z,57,186531.jpg,2.6,Castegren,5.3,False,,a,9,483,36,154,4,2279,4,0.5,6.3,Castegren,863,0,1,1,14,0,0,3,0,0,0,1,11,0,5,0,67,59
100.0,100.0,52210,0,0,-2,2,0,2,0.6,0.6,0,Christopher,0.6,226,False,,2021-04-08T09:29:44.609837Z,53,52210.jpg,1.4,Telo,0.2,False,,a,9,483,17,20,0,47,0,0.1,3.2,Telo,466,0,0,1,6,0,0,1,0,0,0,0,0,4,6,0,12,20
0.0,0.0,449619,0,0,-3,3,0,2,0.0,0.0,0,Finnur Tómas,0.0,227,False,Utlånad till KR Reykjavik,2021-05-06T14:23:50.737295Z,47,449619.jpg,0.0,Palmasson,0.1,False,,n,9,483,0,4,0,50,1,0.0,0.0,Palmasson,0,0,0,0,0,0,0,0,0,0,0,0,0,0,0,0,0,0
,,479379,0,0,-1,1,0,2,0.0,0.0,0,Oliver,0.0,228,False,,,39,479379.jpg,0.0,Stefansson,0.4,False,,a,9,483,0,31,0,86,0,0.0,0.0,Stefansson,0,0,0,0,0,0,0,0,0,0,0,0,0,0,0,0,0,0
100.0,100.0,111784,0,0,-2,2,1,2,2.4,2.4,0,Viktor,2.4,229,False,,2021-08-03T08:01:34.188422Z,53,111784.jpg,3.6,Agardius,5.7,False,,a,9,483,50,920,4,2222,22,0.5,9.4,Agardius,1189,1,0,3,14,0,0,3,0,0,0,0,11,2,8,0,66,76
100.0,100.0,173137,-1,1,-5,5,0,2,0.0,0.0,0,Kevin,0.0,230,False,,2021-05-21T08:47:41.430472Z,50,173137.jpg,1.0,Álvarez,0.2,False,,a,9,483,2,8,0,192,1,0.0,0.4,Álvarez,36,0,0,0,1,0,0,0,0,0,0,0,0,1,1,0,0,2
,,506543,0,0,-1,1,0,2,0.2,0.2,1,Theodore,0.2,231,False,,,39,506543.jpg,1.0,Rask,1.6,False,,a,9,483,2,355,3,481,3,0.1,0.5,Rask,7,0,0,0,0,0,0,0,0,0,0,0,0,0,0,0,1,0
100.0,100.0,141924,0,0,3,-3,1,2,3.4,3.4,1,Linus,3.4,232,False,,2021-04-23T12:31:15.185035Z,63,141924.jpg,4.5,Wahlqvist,9.7,False,,a,9,483,67,2625,27,1646,32,0.5,10.6,Wahlqvist,1317,0,3,3,17,0,0,1,0,0,0,5,17,4,13,3,74,90
,,516988,0,0,-3,3,0,2,0.0,0.0,0,Dino,0.0,233,False,,,47,516988.jpg,1.0,Salihovic,0.2,False,,a,9,483,2,3,0,52,0,0.0,0.4,Salihovic,26,0,0,0,0,0,0,0,0,0,0,0,0,0,0,0,6,0
,,507931,0,0,-1,1,0,3,3.0,3.0,2,Ishaq,3.0,234,False,,,54,507931.jpg,3.2,Abdulrazak,2.9,False,,a,9,483,51,1792,10,1610,10,0.6,9.4,Abdulrazak,1399,0,1,3,18,0,0,0,0,0,0,2,11,5,14,1,34,101
100.0,100.0,429586,0,0,-5,5,0,3,2.4,2.4,6,Jonathan,2.4,235,False,,2021-07-03T10:24:31.734127Z,85,429586.jpg,2.5,Levi,3.5,False,,a,9,483,33,196,0,2105,1,0.3,3.9,Levi,727,0,1,3,9,0,0,0,0,0,0,6,1,8,20,2,19,41
,,501552,0,0,-1,1,0,3,2.2,2.2,1,Kristoffer,2.2,236,False,,,44,501552.jpg,1.6,Khazeni,0.9,False,,a,9,483,16,407,5,95,4,0.5,3.6,Khazeni,420,0,1,0,7,0,0,1,0,0,0,1,0,0,8,1,6,18
,,61706,0,0,-3,3,0,3,1.4,1.4,1,Maic,1.4,237,False,,,57,61706.jpg,2.6,Sema,0.4,False,,a,9,483,29,89,0,151,4,0.2,5.1,Sema,351,2,1,1,4,0,0,0,0,0,0,1,0,1,2,1,3,14
,,157776,0,0,-2,2,0,3,2.8,2.8,3,Alexander,2.8,238,False,,,63,157776.jpg,2.8,Fransson,2.5,False,,a,9,483,45,230,1,688,2,0.4,7.1,Fransson,1399,0,0,3,17,0,0,1,0,0,0,1,11,1,7,1,38,115
100.0,100.0,479342,0,0,0,0,3,3,3.4,3.4,2,Isak,3.4,239,False,,2021-07-20T10:56:53.098955Z,80,479342.jpg,4.4,Bergmann Johannesson,6.9,False,,a,9,483,61,3215,35,3534,21,0.4,7.6,Bergmann Johannesson,1212,2,4,4,13,0,0,3,0,0,0,5,5,13,22,1,23,63
0.0,0.0,449948,0,0,-2,2,0,3,0.0,0.0,0,Manasse,0.0,240,False,Utlånad till Öster,2021-08-06T08:42:22.896611Z,43,449948.jpg,0.7,Kusu,0.2,False,,n,9,483,2,32,0,41,1,0.0,0.5,Kusu,24,0,0,0,0,0,0,1,0,0,0,0,0,0,0,0,0,5
0.0,0.0,198501,0,0,-4,4,0,3,0.0,0.0,0,Sead,0.0,241,False,Såld till Rubin Kazan,2021-05-24T16:01:16.891083Z,116,198501.jpg,5.3,Haksabanovic,8.8,False,,u,9,483,37,1309,0,11212,8,0.0,3.2,Haksabanovic,630,0,4,2,6,0,0,1,0,0,0,8,2,8,22,3,4,26
,,508717,0,0,-2,2,0,3,0.0,0.0,0,Jóhannes Kristinn,0.0,242,False,,,43,508717.jpg,0.0,Bjarnason,0.2,False,,a,9,483,0,22,0,51,0,0.0,0.0,Bjarnason,0,0,0,0,0,0,0,0,0,0,0,0,0,0,0,0,0,0
100.0,100.0,95922,0,0,-2,2,0,4,1.8,1.8,2,Christoffer,1.8,243,False,,2021-07-01T09:47:09.429721Z,98,95922.jpg,2.0,Nyman,4.2,False,,a,9,483,12,488,22,2244,3,0.2,1.2,Nyman,166,1,0,0,3,0,0,1,0,0,0,1,0,0,4,1,3,5
100.0,100.0,479377,0,0,0,0,0,4,2.8,2.8,1,Carl,2.8,244,False,,2021-05-16T09:16:52.740426Z,50,479377.jpg,2.9,Björk,1.3,False,,a,9,483,35,867,6,482,11,0.6,7.0,Björk,724,3,0,3,7,0,0,0,0,0,0,1,0,0,7,0,2,12
0.0,0.0,510706,0,0,-1,1,0,4,0.0,0.0,0,Lucas,0.2,245,False,Utlånad till Öster,2021-08-06T08:42:22.913917Z,39,510706.jpg,2.0,Lima,1.5,False,,n,9,483,10,945,1,792,12,0.1,2.6,Lima,101,1,0,0,2,0,0,1,0,0,0,1,0,0,4,0,1,2
100.0,100.0,206044,0,0,5,-5,4,4,6.4,6.4,7,Samuel,6.4,246,True,,2021-07-01T09:24:17.589598Z,80,206044.jpg,5.1,Adegbenro,32.6,False,,a,9,483,81,15135,210,9384,21,0.8,10.1,Adegbenro,1173,9,1,2,14,0,0,2,0,0,0,5,1,5,21,3,4,45
100.0,100.0,207276,0,0,-1,1,1,2,2.0,2.0,3,Marco,2.0,247,False,,2021-07-06T07:33:07.510374Z,54,207276.jpg,3.2,Lund,0.7,False,,a,9,483,45,305,0,375,0,0.4,8.3,Lund,1137,0,0,2,14,0,0,4,0,0,0,0,17,0,2,0,89,86
100.0,100.0,48674,0,0,-1,1,0,2,2.0,2.0,1,Ari Freyr,2.0,432,False,,2021-08-10T18:43:42.122384Z,59,48674.jpg,3.7,Skulason,3.6,False,,a,9,483,44,1484,3,1604,13,0.3,7.5,Skulason,900,2,2,1,12,0,0,2,0,0,0,2,5,7,10,2,30,54
,,234852,0,0,-1,1,0,3,0.8,0.8,1,Yahav,0.8,455,False,,,49,234852.jpg,1.0,Gurfinkel,0.0,False,,a,9,483,4,9,0,7,1,0.2,0.8,Gurfinkel,82,0,0,0,2,0,0,0,0,0,0,0,0,1,3,0,5,7
,,120722,0,0,2,-2,0,1,5.6,5.6,7,Lucas,5.6,248,False,,,57,120722.jpg,5.1,Hägg Johansson,9.1,False,,a,10,2594,82,2169,11,922,20,1.0,14.4,Hägg Johansson,1440,0,0,6,16,0,0,1,0,42,0,0,20,0,0,0,10,165
,,479551,0,0,-1,1,0,1,0.0,0.0,0,Tobias,0.0,249,False,,,44,479551.jpg,0.0,Andersson,0.3,False,,a,10,2594,0,20,1,30,0,0.0,0.0,Andersson,0,0,0,0,0,0,0,0,0,0,0,0,0,0,0,0,0,0
,,447562,0,0,-2,2,0,2,0.2,0.2,0,Henrik,0.2,250,False,,,48,447562.jpg,1.2,Löfkvist,0.2,False,,a,10,2594,7,13,0,58,0,0.0,1.5,Löfkvist,218,0,0,0,4,0,0,1,0,0,0,0,1,0,0,0,10,17
100.0,100.0,57406,0,0,-3,3,0,2,0.0,0.0,0,Emin,0.0,251,False,,2021-08-02T17:31:04.245970Z,42,57406.jpg,0.7,Nouri,1.0,False,,a,10,2594,3,24,0,270,1,0.0,0.7,Nouri,72,0,0,0,1,0,0,4,0,0,0,1,0,0,1,1,3,5
100.0,100.0,93656,0,0,-2,2,1,2,0.0,0.0,0,Douglas,0.0,252,False,,2021-05-04T07:05:14.741268Z,48,93656.jpg,5.6,Bergqvist,1.6,False,,a,10,2594,39,966,1,705,7,0.0,8.1,Bergqvist,552,1,0,4,4,0,0,0,0,0,0,0,5,0,0,0,23,38
100.0,100.0,179772,0,0,3,-3,2,2,3.4,3.4,6,Sebastian,3.4,253,False,,2021-08-10T18:43:56.596604Z,58,179772.jpg,4.5,Ring,12.9,False,,a,10,2594,67,5198,10,2277,40,0.6,11.6,Ring,1303,1,0,6,15,0,0,3,0,0,0,3,11,8,16,1,37,100
100.0,100.0,226928,0,0,-1,1,0,2,1.8,1.8,0,Johan,1.8,254,False,,2021-04-16T08:56:42.670328Z,39,226928.jpg,3.0,Stenmark,13.1,False,,a,10,2594,21,1905,26,3693,28,0.5,5.4,Stenmark,391,1,0,1,6,0,0,1,0,0,0,0,1,0,0,0,22,14
,,189744,0,0,-2,2,0,2,3.6,3.6,7,Piotr,3.6,255,False,,,53,189744.jpg,3.9,Johansson,8.4,False,,a,10,2594,59,559,0,2593,20,0.7,11.1,Johansson,1321,0,1,6,15,0,0,0,0,0,0,2,4,5,13,1,34,57
,,509300,0,0,-1,1,0,2,0.4,0.4,0,Elias,0.4,256,False,,,39,509300.jpg,2.8,Olsson,3.2,False,,a,10,2594,11,1792,4,1660,6,0.1,2.8,Olsson,205,0,0,1,2,0,0,1,0,0,0,0,2,0,0,0,8,16
,,95940,0,0,1,-1,3,2,4.4,4.4,6,Rasmus,4.4,257,False,,,51,95940.jpg,4.7,Sjöstedt,2.3,False,,a,10,2594,66,1029,6,217,8,0.9,12.9,Sjöstedt,1238,1,0,5,15,0,0,1,0,0,0,0,17,0,4,0,77,80
,,531394,0,0,-1,1,0,2,0.2,0.2,0,Lukas,0.2,258,False,,,39,531394.jpg,1.0,Rhöse,0.3,False,,a,10,2594,1,33,1,76,1,0.1,0.3,Rhöse,7,0,0,0,0,0,0,0,0,0,0,0,0,0,0,0,0,0
,,501571,0,0,-1,1,0,2,0.0,0.0,0,Viktor,0.0,259,False,,,39,501571.jpg,0.0,Krüger,0.3,False,,a,10,2594,0,30,1,75,2,0.0,0.0,Krüger,0,0,0,0,0,0,0,0,0,0,0,0,0,0,0,0,0,0
,,423655,0,0,-4,4,0,3,0.0,0.0,0,Isak,0.0,260,False,,,51,423655.jpg,2.4,Magnusson,0.4,False,,a,10,2594,12,92,0,232,0,0.0,2.4,Magnusson,157,0,1,2,1,0,0,0,0,0,0,0,0,0,0,0,0,7
,,162337,0,0,-3,3,0,3,0.2,0.2,0,Filip,0.2,261,False,,,52,162337.jpg,1.9,Sachpekidis,0.2,False,,a,10,2594,17,116,0,185,0,0.0,3.3,Sachpekidis,476,0,0,4,3,0,0,1,0,0,0,1,0,1,7,0,5,15
0.0,0.0,52045,0,0,-4,4,0,3,0.0,0.0,0,Erik,0.0,262,False,Ljumskskadad. Tillbaka i spel: okänt,2021-05-22T08:22:01.768767Z,56,52045.jpg,0.0,Israelsson,0.5,False,,i,10,2594,0,8,0,222,0,0.0,0.0,Israelsson,0,0,0,0,0,0,0,0,0,0,0,0,0,0,0,0,0,0
,,449945,0,0,-2,2,0,3,0.4,0.4,1,Victor,0.4,263,False,,,43,449945.jpg,0.8,Backman,0.1,False,,a,10,2594,3,21,0,29,0,0.1,0.7,Backman,52,0,0,0,1,0,0,1,0,0,0,0,0,0,1,0,1,4
,,487389,0,0,1,-1,0,3,3.4,3.4,5,Carl,3.4,264,False,,,46,487389.jpg,3.6,Gustafsson,3.6,False,,a,10,2594,57,1966,8,807,15,0.7,12.4,Gustafsson,1433,0,1,6,16,0,0,2,0,0,0,8,10,18,25,3,29,98
100.0,100.0,506254,0,0,-1,1,0,3,0.0,0.0,0,Johan,0.0,265,False,,2021-03-23T10:39:23.958578Z,44,506254.jpg,0.0,Arvidsson,0.0,False,,a,10,2594,0,4,0,6,0,0.0,0.0,Arvidsson,0,0,0,0,0,0,0,0,0,0,0,0,0,0,0,0,0,0
,,70064,0,0,-2,2,0,3,3.2,3.2,3,Romario,3.2,266,False,,,63,70064.jpg,3.6,Pereira Sipião,2.3,False,,a,10,2594,57,224,5,529,2,0.5,9.0,Romario,1429,1,0,6,16,0,0,3,0,0,0,1,16,2,8,0,43,132
100.0,100.0,469169,0,0,0,0,0,3,3.2,3.2,3,Isak,3.2,267,False,,2021-03-23T09:50:00.223059Z,55,469169.jpg,2.2,Jansson,0.1,False,,a,10,2594,29,23,0,23,0,0.6,5.3,Jansson,731,1,1,3,6,0,0,1,0,0,0,0,0,0,8,0,5,31
,,118237,1,-1,11,-11,2,3,4.4,4.4,7,Oliver,4.4,268,True,,,71,118237.jpg,5.4,Berg,27.7,False,,a,10,2594,86,11840,82,1583,68,0.6,12.1,Berg,1367,5,4,5,16,0,0,1,0,0,0,12,2,10,37,6,14,42
,,524029,0,0,-2,2,0,3,1.4,1.4,3,Noah,1.4,269,False,,,43,524029.jpg,1.2,Shamoun,0.2,False,,a,10,2594,12,51,0,52,1,0.3,2.8,Shamoun,212,0,0,1,1,0,0,0,0,0,0,0,0,1,3,0,3,12
0.0,0.0,157795,0,0,0,0,1,3,0.0,0.0,0,Jonathan,4.4,270,False,Avstängd i GW16,2021-08-16T09:06:12.700270Z,75,157795.jpg,4.3,Ring,1.4,False,,s,10,2594,60,450,2,417,8,0.6,8.0,Ring,1066,2,6,3,15,0,0,3,0,0,0,5,2,7,25,2,8,41
100.0,100.0,421765,0,0,-3,3,0,4,0.0,0.0,0,Edvin,0.0,271,False,,2021-06-30T08:19:04.479607Z,47,421765.jpg,0.0,Crona,1.1,False,,a,10,2594,0,24,0,524,3,0.0,0.0,Crona,0,0,0,0,0,0,0,0,0,0,0,0,0,0,0,0,0,0
100.0,100.0,449323,0,0,-3,3,1,4,5.0,5.0,7,Nils,5.0,272,False,,2021-04-23T09:23:09.285614Z,57,449323.jpg,2.8,Fröling,3.0,False,,a,10,2594,37,729,12,890,9,0.9,6.5,Fröling,699,3,0,4,7,0,0,1,0,0,0,1,1,2,11,0,12,24
0.0,0.0,522154,0,0,-2,2,0,4,0.0,0.0,0,Alex,0.0,273,False,Utlånad till Groningen,2021-07-07T09:31:16.190599Z,38,522154.jpg,0.0,Mortensen,1.3,False,,n,10,2594,0,495,0,1381,3,0.0,0.0,Mortensen,0,0,0,0,0,0,0,0,0,0,0,0,0,0,0,0,0,0
,,82769,0,0,1,-1,1,2,4.6,4.6,7,Lars,4.6,429,False,,,51,82769.jpg,4.2,Sætra,2.0,False,,a,10,2594,67,804,3,223,10,0.9,13.1,Sætra,1430,0,1,6,16,0,0,2,0,0,0,1,13,2,7,1,87,77
,,533487,0,0,0,0,0,3,0.0,0.0,0,Isak,0.0,439,False,,,45,533487.jpg,0.0,Vidjeskog,0.0,False,,a,10,2594,0,1,0,1,0,0.0,0.0,Vidjeskog,0,0,0,0,0,0,0,0,0,0,0,0,0,0,0,0,0,0
,,497422,0,0,0,0,0,4,0.0,0.0,0,David,0.0,464,False,,,50,497422.jpg,0.0,Chan,0.0,False,,a,10,2594,0,1,0,1,0,0.0,0.0,Chan,0,0,0,0,0,0,0,0,0,0,0,0,0,0,0,0,0,0
,,544930,0,0,0,0,0,3,0.0,0.0,0,Arton,0.0,470,False,,,45,544930.jpg,0.0,Podrimcaku,0.0,False,,a,10,2594,0,0,0,0,0,0.0,0.0,Podrimcaku,0,0,0,0,0,0,0,0,0,0,0,0,0,0,0,0,0,0
,,152144,0,0,0,0,0,1,0.8,0.8,4,Sixten,0.8,274,False,,,45,152144.jpg,3.5,Mohlin,0.5,False,,a,11,5576,7,29,0,49,2,0.2,1.6,Mohlin,180,0,0,0,2,0,0,0,0,5,0,0,2,0,0,0,4,16
,,225400,0,0,-1,1,0,1,3.2,3.2,0,Aly,3.2,275,False,,,59,225400.jpg,4.5,Keita,5.7,False,,a,11,5576,63,509,0,1019,17,0.5,10.7,Keita,1260,0,0,3,25,0,0,1,0,62,0,0,17,0,0,0,19,147
0.0,0.0,451162,0,0,-2,2,0,2,0.0,0.0,0,Kalpi,0.0,276,False,Korsbandskadad. Borta hela säsongen,2021-03-19T13:42:55.461724Z,48,451162.jpg,0.0,Ouattara,0.1,False,,i,11,5576,0,2,0,51,0,0.0,0.0,Ouattara,0,0,0,0,0,0,0,0,0,0,0,0,0,0,0,0,0,0
,,178968,0,0,-3,3,0,2,1.6,1.6,7,Marco,1.6,277,False,,,42,178968.jpg,2.7,Weymans,0.1,False,,a,11,5576,8,6,0,44,0,0.4,1.9,Weymans,146,0,0,1,2,0,0,1,0,0,0,0,1,0,1,0,6,9
100.0,100.0,168316,0,0,0,0,1,2,2.0,2.0,3,Noah,2.0,278,False,,2021-08-02T17:30:44.596260Z,55,168316.jpg,4.1,Sonko Sundberg,4.8,False,,a,11,5576,53,1365,0,1324,6,0.4,9.6,Sonko Sundberg,1170,1,1,3,18,0,0,3,0,0,1,1,15,0,4,1,103,51
100.0,100.0,73905,0,0,-1,1,0,3,0.8,0.8,3,Sam,0.8,279,False,,2021-04-13T07:41:29.533608Z,44,73905.jpg,2.2,Mensiro,0.3,False,,a,11,5576,22,28,1,125,1,0.2,5.0,Mensiro,768,0,0,1,19,0,0,3,0,0,1,1,7,1,4,1,47,39
0.0,0.0,177842,0,0,3,-3,1,2,0.0,0.0,0,Ronald,0.0,280,False,Lämnat ÖFK,2021-06-28T08:40:44.652402Z,48,177842.jpg,5.1,Mukiibi,4.4,False,,u,11,5576,36,5630,0,5043,7,0.0,7.5,Mukiibi,543,2,0,2,6,0,0,0,0,0,0,1,4,0,1,1,39,19
50.0,50.0,185353,-1,1,-3,3,0,2,1.0,1.0,4,Eirik,2.0,281,False,Skadag i GW14,2021-08-10T08:47:30.207003Z,47,185353.jpg,3.1,Haugan,1.8,False,,d,11,5576,47,461,0,1160,7,0.4,10.0,Haugan,1288,0,0,3,22,0,1,3,0,0,0,0,18,0,1,0,120,60
,,216601,0,0,-2,2,0,3,0.0,0.0,0,Rewan,0.0,282,False,,,53,216601.jpg,0.0,Amin,0.2,False,,a,11,5576,0,4,0,36,0,0.0,0.0,Amin,0,0,0,0,0,0,0,0,0,0,0,0,0,0,0,0,0,0
100.0,100.0,141947,0,0,-2,2,0,3,2.2,2.2,3,Isak,2.2,283,False,,2021-05-16T11:21:02.396438Z,48,141947.jpg,2.8,Ssewankambo,4.4,False,,a,11,5576,34,382,0,1739,6,0.5,7.1,Ssewankambo,915,0,1,2,12,0,0,2,0,0,0,1,8,5,9,1,23,66
100.0,100.0,248899,0,0,-1,1,0,3,2.0,2.0,1,Ludvig,2.0,284,False,,2021-07-23T17:05:51.601264Z,49,248899.jpg,2.0,Fritzson,0.3,False,,a,11,5576,26,8,1,113,0,0.4,5.3,Fritzson,1033,0,1,2,22,0,0,3,0,0,0,0,1,1,8,0,38,45
,,226930,0,0,0,0,0,3,1.2,1.2,1,Henrik,1.2,285,False,,,45,226930.jpg,2.6,Bellman,0.8,False,,a,11,5576,36,196,0,244,4,0.3,8.0,Bellman,1013,0,2,2,23,0,0,2,0,0,0,1,4,0,5,1,12,57
,,154944,0,0,-3,3,0,3,0.8,0.8,0,Jerell,0.8,286,False,,,47,154944.jpg,1.0,Sellars,0.1,False,,a,11,5576,7,3,0,53,0,0.2,1.5,Sellars,183,0,0,0,10,0,0,1,0,0,0,0,0,0,3,0,3,7
,,100588,0,0,-3,3,0,3,1.2,1.2,1,Simon,1.2,287,False,,,57,100588.jpg,2.7,Kroon,0.3,False,,a,11,5576,27,25,0,70,0,0.2,4.7,Kroon,555,1,2,1,11,0,0,1,0,0,0,1,0,3,9,1,5,17
100.0,100.0,135421,0,0,-2,2,0,3,0.4,0.4,0,Charlie,0.4,288,False,,2021-04-23T07:58:24.126377Z,48,135421.jpg,1.0,Colkett,0.1,False,,a,11,5576,2,4,0,54,0,0.1,0.4,Colkett,67,0,0,0,4,0,0,0,0,0,0,0,0,0,1,0,2,4
,,226931,0,0,-3,3,0,3,0.0,0.0,0,Nebiyou,0.0,289,False,,,52,226931.jpg,2.3,Perry,0.3,False,,a,11,5576,16,38,0,115,0,0.0,3.1,Perry,414,0,1,0,6,0,0,0,0,0,0,0,2,0,4,0,3,28
,,445538,0,0,-1,1,1,3,3.0,3.0,2,Felix,3.0,290,False,,,54,445538.jpg,3.9,Hörberg,2.0,False,,a,11,5576,63,514,2,360,6,0.6,11.7,Hörberg,1364,1,2,3,24,0,0,3,0,0,0,12,8,35,30,3,40,78
,,512350,0,0,-1,1,0,3,2.8,2.8,1,Sebastian,2.8,291,False,,,44,512350.jpg,1.8,Karlsson Grach,0.1,False,,a,11,5576,21,64,1,40,0,0.6,4.8,Karlsson,479,1,0,0,13,0,0,0,0,0,0,0,0,0,4,0,13,18
,,510920,0,0,-2,2,0,3,0.6,0.6,0,Malcolm,0.6,292,False,,,48,510920.jpg,1.2,Stolt,0.1,False,,a,11,5576,7,1,0,10,0,0.1,1.5,Stolt,142,0,0,1,0,0,0,1,0,0,0,0,0,0,1,0,3,6
100.0,100.0,432730,0,0,-2,2,0,3,0.6,0.6,0,Frank,0.6,293,False,,2021-04-25T17:41:05.116744Z,48,432730.jpg,1.9,Arhin,0.0,False,,a,11,5576,21,10,0,14,0,0.1,4.4,Arhin,733,0,0,3,12,0,0,2,1,0,0,0,4,1,4,0,25,45
,,511961,0,0,-1,1,0,3,2.2,2.2,1,Nikolaos,2.2,294,False,,,44,511961.jpg,1.4,Dosis,0.1,False,,a,11,5576,17,18,0,19,0,0.5,3.9,Dosis,495,0,0,0,13,0,0,2,0,0,0,0,3,3,5,0,10,33
,,447563,0,0,0,0,0,4,0.4,0.4,0,Ahmed,0.4,295,False,,,50,447563.jpg,3.0,Awad,0.5,False,,a,11,5576,12,265,0,237,2,0.1,2.4,Awad,48,1,1,0,2,0,0,0,0,0,0,0,0,1,2,0,3,3
,,242695,0,0,-3,3,1,4,0.8,0.8,0,Francis,0.8,296,False,,,47,242695.jpg,2.9,Jno-Baptiste,1.6,False,,a,11,5576,29,678,6,695,10,0.2,6.2,Jno-Baptiste,486,2,1,2,7,0,0,1,0,0,0,1,0,1,7,0,11,18
100.0,100.0,146445,0,0,-1,1,1,4,1.2,1.2,1,Blair,1.2,297,False,,2021-07-01T13:58:08.192152Z,64,146445.jpg,4.3,Turgott,6.6,False,,a,11,5576,52,5514,0,5194,22,0.2,8.1,Turgott,1067,5,1,3,17,0,0,3,0,0,0,1,2,1,5,1,18,28
,,210519,0,0,6,-6,2,3,4.0,4.0,3,Patrick,4.0,420,False,,,51,210519.jpg,4.5,Kpozo,18.0,False,,a,11,5576,72,8588,43,2092,71,0.8,14.1,Kpozo,1440,2,2,3,27,0,0,1,0,0,0,1,21,10,5,1,93,119
,,545943,0,0,0,0,0,3,0.0,0.0,0,Jakob,0.0,476,False,,,45,545943.jpg,0.0,Gustavsson,0.0,False,,a,11,5576,0,0,0,0,0,0.0,0.0,Gustavsson,0,0,0,0,0,0,0,0,0,0,0,0,0,0,0,0,0,0
,,65898,0,0,0,0,2,1,4.4,4.4,0,Budimir,4.4,298,False,,,60,65898.jpg,4.7,Janosevic,5.0,False,,a,12,195,71,1045,6,1390,90,0.7,11.8,Janosevic,1350,0,0,6,13,0,0,2,0,40,0,0,14,0,0,0,13,122
,,45312,0,0,0,0,0,1,0.0,0.0,0,Kyriakos,0.0,299,False,,,40,45312.jpg,0.0,Stamatopoulos,2.3,False,,a,12,195,0,103,1,243,4,0.0,0.0,Stamatopoulos,0,0,0,0,0,0,0,0,0,0,0,0,0,0,0,0,0,0
0.0,0.0,112316,0,0,-2,2,0,1,0.0,0.0,0,Jakob,0.0,300,False,Underkroppsskada. Tillbaka i spel: okänt,2021-07-10T07:12:05.490884Z,53,112316.jpg,0.0,Haugaard,1.8,False,,i,12,195,0,7,0,404,4,0.0,0.0,Haugaard,0,0,0,0,0,0,0,0,0,0,0,0,0,0,0,0,0,0
0.0,0.0,157758,0,0,-3,3,0,2,0.0,0.0,0,Felix,0.0,301,False,Utlånad till AFC Eskilstuna,2021-05-10T11:51:16.720065Z,47,157758.jpg,0.0,Michel,0.1,False,,n,12,195,0,0,0,49,0,0.0,0.0,Michel,0,0,0,0,0,0,0,0,0,0,0,0,0,0,0,0,0,0
0.0,0.0,493824,0,0,-4,4,0,2,0.0,0.0,0,Eric,0.0,302,False,Lämnat för AGF,2021-07-25T06:33:57.264255Z,61,493824.jpg,1.3,Kahl,3.2,False,,u,12,195,4,135,0,4044,1,0.0,0.7,Kahl,187,0,0,0,3,0,0,1,0,0,0,0,1,2,2,0,1,12
100.0,100.0,202456,0,0,1,-1,1,2,5.4,5.4,9,Sotirios,5.4,303,False,,2021-07-20T10:53:57.145625Z,66,202456.jpg,4.9,Papagiannopoulos,4.6,False,,a,12,195,73,1573,31,1119,2,0.8,11.1,Papagiannopoulos,1334,1,0,6,13,0,0,3,0,0,0,0,20,0,0,0,96,109
100.0,100.0,51535,0,0,-2,2,0,2,0.6,0.6,1,Per,0.6,304,False,,2021-03-23T08:45:34.774898Z,58,51535.jpg,0.8,Karlsson,0.8,False,,a,12,195,4,9,0,183,0,0.1,0.7,Karlsson,104,0,0,0,2,0,0,1,0,0,0,0,0,0,0,0,8,2
100.0,100.0,249645,0,0,11,-11,2,2,3.6,3.6,4,Erick,3.6,305,False,,2021-08-10T08:33:17.382578Z,66,249645.jpg,5.1,Otieno,33.1,False,,a,12,195,76,13351,73,2527,38,0.5,11.5,Otieno,1350,0,2,5,14,0,0,3,0,0,0,10,17,19,18,6,53,115
50.0,50.0,522172,0,0,-1,1,0,2,0.0,0.0,0,Jetmir,0.0,306,False,"Underkroppsskada, rehabtränar",2021-08-03T08:06:39.184641Z,54,522172.jpg,1.0,Haliti,0.1,False,,d,12,195,2,6,0,19,0,0.0,0.4,Haliti,35,0,0,0,1,0,0,0,0,0,0,0,0,0,1,0,0,3
100.0,100.0,52223,0,0,-2,2,0,2,4.0,4.0,3,Mikael,4.0,307,False,,2021-07-03T13:27:01.555262Z,73,52223.jpg,4.1,Lustig,4.7,False,,a,12,195,58,468,2,1444,6,0.5,7.9,Lustig,1253,0,0,6,10,0,0,1,0,0,0,2,7,6,13,1,68,66
0.0,0.0,508363,0,0,0,0,0,2,0.0,0.0,0,Robin,0.0,308,False,Utlånad till AFC Eskilstuna,2021-03-29T11:40:19.864882Z,50,508363.jpg,0.0,Tihi,0.2,False,,u,12,195,0,0,0,59,0,0.0,0.0,Tihi,0,0,0,0,0,0,0,0,0,0,0,0,0,0,0,0,0,0
100.0,100.0,533382,0,0,-2,2,0,2,0.0,0.0,0,Lucas,0.0,309,False,,2021-07-18T07:26:43.104034Z,43,533382.jpg,0.0,Forsberg,0.1,False,,a,12,195,0,5,0,29,0,0.0,0.0,Forsberg,0,0,0,0,0,0,0,0,0,0,0,0,0,0,0,0,0,0
0.0,0.0,19057,0,0,1,-1,1,3,0.0,0.0,0,Sebastian,5.6,310,False,Avstängd GW16,2021-08-17T07:31:52.318489Z,101,19057.jpg,5.7,Larsson,15.4,False,,s,12,195,74,5097,124,4854,26,0.6,7.3,Larsson,1134,3,4,5,10,0,0,6,0,0,0,14,9,46,37,2,28,79
100.0,100.0,225045,-1,1,-1,1,2,3,0.4,0.4,0,Saku,0.4,311,False,,2021-07-10T07:12:05.564533Z,59,225045.jpg,4.2,Ylätupa,6.1,False,,a,12,195,46,5874,0,5536,45,0.1,7.8,Ylätupa,796,1,4,3,10,0,0,2,0,0,0,8,0,8,13,7,8,31
,,164489,0,0,-3,3,0,3,0.2,0.2,1,Ebenezer,0.2,312,False,,,52,164489.jpg,1.2,Ofori,0.5,False,,a,12,195,10,19,0,142,0,0.0,1.9,Ofori,274,0,0,0,5,0,0,1,0,0,0,0,1,0,0,0,9,20
,,433888,0,0,1,-1,0,3,4.4,4.4,7,Bilal,4.4,313,False,,,56,433888.jpg,3.5,Hussein,3.0,False,,a,12,195,56,929,21,878,3,0.8,10.0,Hussein,1436,1,0,6,14,0,0,2,0,0,0,2,13,2,12,2,59,103
,,495531,0,0,-2,2,0,3,1.0,1.0,1,Tom,1.0,314,False,,,53,495531.jpg,2.1,Strannegård,0.2,False,,a,12,195,19,18,0,48,0,0.2,3.6,Strannegård,292,1,0,2,2,0,0,1,0,0,0,0,1,2,2,0,2,17
100.0,100.0,61754,0,0,-2,2,0,3,2.4,2.4,0,Nabil,2.4,315,False,,2021-08-03T08:06:39.204593Z,83,61754.jpg,3.3,Bahoui,1.2,False,,a,12,195,43,750,1,855,4,0.3,5.2,Bahoui,804,3,0,5,7,0,0,1,0,0,0,1,1,6,8,1,16,39
100.0,100.0,248893,0,0,-2,2,0,3,1.4,1.4,0,Filip,1.4,316,False,,2021-04-07T11:09:15.199639Z,68,248893.jpg,2.4,Rogic,0.6,False,,a,12,195,17,93,0,218,2,0.2,2.5,Rogic,359,1,0,1,2,0,0,1,0,0,0,1,1,0,4,0,8,16
,,514498,0,0,-3,3,0,4,1.8,1.8,5,Erik,1.8,317,False,,,47,514498.jpg,2.4,Ring,0.3,False,,a,12,195,12,25,4,99,2,0.4,2.6,Ring,159,0,2,0,4,0,0,1,0,0,0,1,0,0,3,1,2,6
100.0,100.0,127571,0,0,-4,4,0,4,2.4,2.4,1,Bojan,2.4,318,False,,2021-08-10T08:31:54.323563Z,56,127571.jpg,2.3,Radulovic,1.0,False,,a,12,195,37,624,5,850,5,0.4,6.6,Radulovic,544,3,0,2,5,0,0,1,0,0,0,0,2,0,7,0,4,24
100.0,100.0,181083,0,0,-3,3,0,4,0.0,0.0,0,Stefan,0.0,319,False,,2021-07-26T08:26:57.259624Z,52,181083.jpg,1.0,Silva,0.3,False,,a,12,195,5,13,0,88,0,0.0,1.0,Silva,152,0,0,0,3,0,0,1,0,0,0,0,0,1,3,0,2,6
,,17322,0,0,-3,3,0,4,3.6,3.6,2,Henok,3.6,320,False,,,77,17322.jpg,3.1,Goitom,3.7,False,,a,12,195,49,171,2,897,4,0.5,6.4,Goitom,953,2,3,4,8,0,0,0,0,0,0,3,1,5,10,3,12,28
,,193309,1,-1,4,-4,3,4,5.4,5.4,2,Nicolás,5.4,321,False,,,79,193309.jpg,4.8,Stefanelli,20.6,False,,a,12,195,76,7294,77,4838,71,0.7,9.6,Stefanelli,1366,5,3,7,13,0,0,0,0,0,0,3,7,4,19,2,15,75
100.0,100.0,95800,1,-1,3,-3,2,2,5.6,5.6,4,Alexander,5.6,425,False,,2021-07-03T13:27:01.573428Z,68,95800.jpg,5.0,Milosevic,12.6,False,,a,12,195,75,4060,81,1214,30,0.8,11.0,Milosevic,1278,2,1,6,11,0,0,1,0,0,0,2,9,0,5,2,86,55
,,509416,0,0,-2,2,0,3,1.0,1.0,4,Yasin,1.0,438,False,,,43,509416.jpg,1.8,Ayari,0.2,False,,a,12,195,9,119,0,63,2,0.2,2.1,Ayari,174,0,0,1,1,0,0,0,0,0,0,0,1,1,1,0,4,12
,,534343,0,0,0,0,0,2,0.0,0.0,0,Joshua,0.0,449,False,,,40,534343.jpg,0.0,Sivertsen,0.0,False,,a,12,195,0,1,0,1,0,0.0,0.0,Sivertsen,0,0,0,0,0,0,0,0,0,0,0,0,0,0,0,0,0,0
,,198506,0,0,0,0,0,3,3.2,3.2,5,Zak,3.2,468,False,,,60,198506.jpg,2.8,Elbouzedi,0.3,False,,a,12,195,17,154,10,40,3,0.5,2.8,Elbouzedi,371,0,0,2,2,0,0,0,0,0,0,3,2,9,6,0,4,19
,,61760,0,0,0,0,0,1,1.5,1.5,3,Kristoffer,1.5,484,False,,,60,61760.jpg,3.0,Nordfeldt,1.0,False,,a,12,195,3,391,106,18,2,0.2,0.5,Nordfeldt,90,0,0,0,1,0,0,0,0,8,1,0,1,0,0,0,2,10
,,549134,0,0,0,0,0,2,1.2,1.2,0,Rasmus,0.0,496,False,,,40,549134.jpg,0.0,Bonde,0.0,False,,a,12,195,0,0,0,0,0,0.0,0.0,Bonde,0,0,0,0,0,0,0,0,0,0,0,0,0,0,0,0,0,0
,,87899,0,0,0,0,0,1,0.0,0.0,0,August,0.0,322,False,,,45,87899.jpg,3.0,Strömberg,2.3,False,,a,13,6810,15,395,1,445,4,0.0,3.3,Strömberg,450,0,0,1,10,0,0,0,0,5,0,0,4,0,0,0,5,39
100.0,100.0,524030,0,0,1,-1,0,1,0.0,0.0,0,Philip,0.0,323,False,,2021-07-29T10:55:53.658459Z,41,524030.jpg,3.0,Mårtensson,2.5,False,,a,13,6810,9,496,1,356,6,0.0,2.2,Mårtensson,270,0,0,0,7,0,0,0,0,10,0,0,3,0,1,0,7,32
,,152148,0,0,-2,2,0,1,5.8,5.8,3,Stojan,5.8,324,False,,,43,152148.jpg,4.9,Lukic,5.7,False,,a,13,6810,39,628,37,962,3,1.3,9.1,Lukic,720,0,0,3,6,0,0,0,0,21,0,0,9,0,1,0,7,71
100.0,100.0,533955,0,0,-1,1,0,1,0.0,0.0,0,Viktor,0.0,325,False,,2021-05-07T08:26:09.032716Z,39,533955.jpg,0.0,Dryselius,1.4,False,,a,13,6810,0,410,5,103,1,0.0,0.0,Dryselius,0,0,0,0,0,0,0,0,0,0,0,0,0,0,0,0,0,0
,,506227,0,0,-2,2,1,2,1.4,1.4,3,Anton,1.4,326,False,,,43,506227.jpg,2.1,Liljenbäck,5.3,False,,a,13,6810,33,672,0,1722,8,0.3,7.7,Liljenbäck,970,0,0,1,19,0,0,1,0,0,0,4,6,14,12,0,33,62
100.0,100.0,119283,0,0,-3,3,0,2,1.8,1.8,3,Hampus,1.8,327,False,,2021-07-20T10:59:45.136600Z,42,119283.jpg,1.8,Zackrisson,1.1,False,,a,13,6810,14,26,0,376,0,0.4,3.3,Zackrisson,592,0,0,1,11,0,0,5,0,0,0,0,4,0,3,0,36,29
,,531427,0,0,1,-1,1,2,5.6,5.6,3,Oliver,5.6,328,False,,,46,531427.jpg,4.2,Stanisic,1.2,False,,a,13,6810,59,481,21,135,3,1.2,12.8,Stanisic,970,3,0,3,15,0,0,2,0,0,0,0,10,0,1,0,71,38
,,506223,0,0,-2,2,1,2,2.0,2.0,8,Adama,2.0,329,False,,,48,506223.jpg,3.5,Fofana,3.6,False,,a,13,6810,45,427,0,1038,8,0.4,9.4,Fofana,851,0,2,3,14,0,0,2,0,0,0,1,10,11,8,1,31,86
,,506220,0,0,-1,1,0,2,0.0,0.0,0,Nils,0.0,330,False,,,39,506220.jpg,0.0,Bertilsson,1.2,False,,a,13,6810,0,95,0,259,1,0.0,0.0,Bertilsson,0,0,0,0,0,0,0,0,0,0,0,0,0,0,0,0,0,0
0.0,0.0,249868,0,0,-3,3,0,2,0.0,0.0,1,Jon,0.2,331,False,Skadad. Tillbaka i spel: okänt,2021-07-01T09:56:05.698184Z,47,249868.jpg,2.4,Birkfeldt,1.6,False,,i,13,6810,22,10,0,501,5,0.0,4.7,Birkfeldt,664,0,0,1,15,0,0,0,0,0,0,0,6,0,1,0,45,29
0.0,0.0,438247,0,0,-2,2,0,2,0.0,0.0,0,Gideon,2.4,332,False,Avstängd GW16,2021-08-17T07:24:01.133375Z,43,438247.jpg,2.4,Mensah,0.3,False,,s,13,6810,24,20,0,48,1,0.6,5.6,Mensah,552,0,0,2,6,0,0,3,0,0,0,1,4,6,2,1,28,50
100.0,100.0,205946,0,0,-1,1,0,3,4.0,4.0,6,Robin,4.0,333,False,,2021-07-06T07:32:52.500718Z,49,205946.jpg,2.5,Tranberg,0.3,False,,a,13,6810,32,13,0,57,0,0.8,6.5,Tranberg,807,1,0,4,9,0,0,4,0,0,0,0,5,3,7,0,16,62
,,177883,0,0,-1,1,0,2,5.8,5.8,3,Joakim,5.8,334,False,,,44,177883.jpg,3.6,Lindner,1.6,False,,a,13,6810,57,425,13,156,8,1.3,13.0,Lindner,1405,0,1,4,23,0,0,0,0,0,0,0,13,1,3,0,96,71
50.0,100.0,422938,0,0,3,-3,4,2,3.2,6.4,0,Jean Carlos,6.4,335,False,Osäker.,2021-08-23T11:38:52.373752Z,48,422938.jpg,5.5,de Brito,10.9,False,,d,13,6810,71,4545,123,977,30,1.3,14.8,Jean Carlos,1082,0,4,4,16,0,0,2,0,0,0,9,15,26,23,6,58,93
0.0,0.0,524025,0,0,-1,1,0,3,0.0,0.0,0,Albin,0.0,336,False,Har lämnat för Vålerenga,2021-06-30T12:51:23.009423Z,54,524025.jpg,3.7,Mörfelt,0.2,False,,u,13,6810,22,76,0,296,0,0.0,4.1,Mörfelt,317,1,2,2,7,0,0,1,0,0,0,0,1,5,5,0,1,21
0.0,0.0,446312,0,0,0,0,0,3,0.0,0.0,1,Alexander,0.2,337,False,Skadad. Tillbaka i spel: okänt,2021-07-29T10:55:53.679292Z,45,446312.jpg,1.0,Johansson,0.1,False,,i,13,6810,1,0,0,16,0,0.0,0.2,Johansson,9,0,0,0,1,0,0,0,0,0,0,0,0,0,0,0,1,0
100.0,100.0,501556,0,0,-1,1,0,3,0.4,0.4,2,Albin,0.4,338,False,,2021-07-13T08:27:50.771635Z,49,501556.jpg,1.6,Winbo,0.2,False,,a,13,6810,21,15,0,27,0,0.1,4.3,Winbo,628,0,0,2,13,0,0,5,0,0,0,0,5,1,4,0,31,50
,,531428,0,0,-1,1,0,3,1.2,1.2,0,Victor,1.2,339,False,,,44,531428.jpg,1.9,Karlsson,0.2,False,,a,13,6810,15,28,0,40,0,0.3,3.4,Karlsson,182,0,1,0,3,0,0,0,0,0,0,3,0,4,5,2,3,9
,,506217,0,0,-2,2,0,3,0.0,0.0,0,Liam,0.0,340,False,,,43,506217.jpg,0.0,Munther,0.1,False,,a,13,6810,0,19,0,14,0,0.0,0.0,Munther,0,0,0,0,0,0,0,0,0,0,0,0,0,0,0,0,0,0
100.0,100.0,506216,0,0,-2,2,0,3,0.2,0.2,0,André,0.2,341,False,,2021-04-07T11:54:15.961596Z,43,506216.jpg,1.5,Boman,0.3,False,,a,13,6810,6,110,3,58,2,0.0,1.4,Boman,115,0,0,1,1,0,0,0,0,0,0,0,0,0,0,0,1,2
0.0,0.0,524026,0,0,-2,2,0,3,0.0,0.0,0,Gustav,0.0,342,False,Utlånad till Gefle,2021-08-12T13:30:37.945368Z,43,524026.jpg,0.0,Nordh,0.2,False,,u,13,6810,0,62,0,82,1,0.0,0.0,Nordh,0,0,0,0,0,0,0,0,0,0,0,0,0,0,0,0,0,0
100.0,100.0,441688,0,0,-2,2,0,3,2.6,2.6,3,Luke,2.6,343,False,,2021-07-20T10:59:45.172877Z,48,441688.jpg,1.6,Le Roux,0.1,False,,a,13,6810,19,3,0,22,1,0.5,4.0,Le Roux,614,0,0,3,9,0,0,3,2,0,0,1,6,1,6,0,24,54
100.0,100.0,506213,0,0,-1,1,0,3,0.0,0.0,0,Keanin,0.0,344,False,,2021-07-10T07:16:30.979467Z,54,506213.jpg,0.0,Ayer,0.1,False,,a,13,6810,0,0,0,43,0,0.0,0.0,Ayer,0,0,0,0,0,0,0,0,0,0,0,0,0,0,0,0,0,0
,,469686,0,0,4,-4,1,3,6.0,6.0,7,Tashreeq,6.0,345,False,,,54,469686.jpg,5.0,Matthews,16.1,False,,a,13,6810,75,6491,127,466,27,1.1,13.9,Matthews,1119,4,4,4,17,0,0,2,0,0,0,8,5,16,23,5,12,64
0.0,0.0,501559,0,0,-1,1,0,4,0.0,0.0,0,Rasmus,0.0,346,False,Utlånad till Tvååkers IF.,2021-03-23T19:53:25.837776Z,39,501559.jpg,0.0,Cronvall,0.9,False,,n,13,6810,0,38,0,290,3,0.0,0.0,Cronvall,0,0,0,0,0,0,0,0,0,0,0,0,0,0,0,0,0,0
0.0,100.0,445999,0,0,-2,2,0,4,0.0,0.0,0,Daniel,0.0,347,False,Skadad. Tillbaka i spel: okänt,2021-08-23T11:38:52.413036Z,53,445999.jpg,0.0,Krezic,0.2,False,,i,13,6810,0,3,0,88,0,0.0,0.0,Krezic,0,0,0,0,0,0,0,0,0,0,0,0,0,0,0,0,0,0
,,215622,0,0,-2,2,0,4,1.0,1.0,1,Simon,1.0,348,False,,,53,215622.jpg,2.3,Karlsson Adjei,0.4,False,,a,13,6810,34,211,0,206,3,0.2,6.4,Karlsson Adjei,492,3,0,3,7,0,0,0,0,0,0,0,0,1,3,0,6,14
100.0,100.0,157748,0,0,-5,5,0,4,1.6,1.6,1,Robin,1.6,349,False,,2021-07-13T08:27:50.792375Z,50,157748.jpg,2.5,Simovic,2.5,False,,a,13,6810,30,632,2,2676,3,0.3,6.0,Simovic,754,2,0,2,17,0,0,4,0,0,0,3,1,2,10,2,8,28
100.0,100.0,524028,0,0,-1,1,0,3,0.0,0.0,0,Montader,0.0,419,False,,2021-05-01T11:33:34.707974Z,44,524028.jpg,1.0,Madjed,0.1,False,,a,13,6810,1,38,0,32,0,0.0,0.2,Madjed,14,0,0,0,0,0,0,0,0,0,0,0,0,0,0,0,0,1
100.0,100.0,205903,0,0,-1,1,0,3,2.4,2.4,1,Albert,2.4,423,False,,2021-08-10T08:33:03.461537Z,54,205903.jpg,2.8,Ejupi,0.1,False,,a,13,6810,36,27,0,48,0,0.4,6.7,Ejupi,980,0,0,3,13,0,0,3,0,0,0,2,11,2,6,1,43,101
100.0,100.0,432539,0,0,0,0,0,4,3.6,3.6,6,Ryan,3.6,430,False,,2021-07-10T07:16:30.998925Z,50,432539.jpg,2.9,Moon,0.5,False,,a,13,6810,38,372,2,216,9,0.7,7.6,Moon,624,4,0,3,11,0,0,2,0,0,0,0,0,1,4,0,6,22
,,455663,0,0,-1,1,0,2,0.0,0.0,0,Dean,0.0,431,False,,,44,455663.jpg,1.0,Solomons,0.0,False,,a,13,6810,1,0,0,6,0,0.0,0.2,Solomons,6,0,0,0,1,0,0,0,0,0,0,0,0,0,0,0,0,0
0.0,,536030,0,0,0,0,1,3,0.0,2.8,0,Oliver,2.8,444,False,Skadad. Tillbaka i spel: okänt,2021-08-23T11:38:52.394187Z,45,536030.jpg,2.3,Alfonsi,0.1,False,,i,13,6810,16,26,1,7,0,0.6,3.6,Alfonsi,236,1,0,2,1,0,0,1,0,0,0,0,0,1,2,0,8,12
,,244624,0,0,0,0,0,4,1.2,1.2,0,Des,1.2,453,False,,,50,244624.jpg,2.0,Kunst,0.0,False,,a,13,6810,8,11,0,7,0,0.2,1.6,Kunst,263,0,0,3,1,0,0,0,0,0,0,0,0,1,1,0,1,6
,,173951,0,0,0,0,0,2,0.0,0.0,0,Adnan,0.0,479,False,,,45,173951.jpg,0.0,Kojic,0.0,False,,a,13,6810,0,0,0,0,0,0.0,0.0,Kojic,0,0,0,0,0,0,0,0,0,0,0,0,0,0,0,0,0,0
100.0,100.0,507930,0,0,-3,3,1,4,2.0,2.0,2,Amin,2.0,27,False,,2021-07-16T12:07:19.769199Z,52,507930.jpg,2.8,Sarr,4.6,False,,a,14,2360,25,2171,11,1244,25,0.4,4.8,Sarr,552,2,0,1,10,0,0,0,0,0,0,0,0,0,1,0,6,19
,,156601,0,0,-4,4,0,3,0.8,0.8,3,Elias,0.8,184,False,,,66,156601.jpg,1.8,Andersson,2.5,False,,a,14,2360,7,17,0,1145,1,0.1,1.1,Andersson,158,0,0,1,2,0,0,0,0,0,0,0,1,3,2,0,2,12
,,164595,0,0,-2,2,0,1,4.8,4.8,7,Carljohan,4.8,350,False,,,48,164595.jpg,4.8,Eriksson,3.2,False,,a,14,2360,29,167,2,944,4,1.0,6.0,Eriksson,540,0,0,2,6,0,0,1,0,19,0,0,8,0,0,0,7,64
,,428645,0,0,0,0,0,1,0.0,0.0,0,Samuel,0.0,351,False,,,50,428645.jpg,4.4,Brolin,2.0,False,,a,14,2360,44,352,1,559,11,0.0,8.8,Brolin,900,0,0,2,13,0,0,0,0,36,0,0,12,0,0,0,6,95
,,531422,0,0,0,0,0,1,0.0,0.0,0,Pontus,0.0,352,False,,,40,531422.jpg,0.0,Zvar,0.8,False,,a,14,2360,0,41,0,101,1,0.0,0.0,Zvar,0,0,0,0,0,0,0,0,0,0,0,0,0,0,0,0,0,0
0.0,0.0,194971,0,0,-1,1,2,2,0.0,0.0,0,Eric,0.0,353,False,Lämnat för Altayspor.,2021-07-19T08:34:37.487117Z,49,194971.jpg,4.7,Björkander,2.2,False,,n,14,2360,52,1508,0,1887,9,0.0,10.6,Björkander,990,1,0,3,13,0,0,0,0,0,0,0,16,1,5,0,120,47
100.0,100.0,225243,0,0,-1,1,0,2,3.8,3.8,7,Max,3.8,354,False,,2021-07-06T07:34:50.946910Z,49,225243.jpg,3.6,Watson,2.3,False,,a,14,2360,54,140,0,582,1,0.8,11.0,Watson,1345,0,0,4,18,0,0,2,0,0,0,1,15,1,2,1,111,59
100.0,100.0,501555,0,0,-1,1,0,2,0.0,0.0,0,Jasen,0.0,355,False,,2021-04-12T07:28:51.073609Z,44,501555.jpg,0.0,Khayat,0.1,False,,a,14,2360,0,4,0,13,0,0.0,0.0,Khayat,0,0,0,0,0,0,0,0,0,0,0,0,0,0,0,0,0,0
,,214920,0,0,-4,4,0,2,0.0,0.0,0,Daan,0.0,356,False,,,46,214920.jpg,2.9,Klinkenberg,0.2,False,,a,14,2360,20,14,0,64,1,0.0,4.3,Klinkenberg,513,0,0,1,7,0,0,0,0,0,0,0,5,0,2,0,41,26
,,198254,0,0,1,-1,2,2,4.5,4.5,6,Joel,4.5,357,False,,,56,198254.jpg,4.6,Nilsson,9.4,False,,a,14,2360,73,3467,11,2585,36,0.8,13.0,Nilsson,1378,2,2,4,18,0,0,1,0,0,0,4,10,13,11,2,34,93
,,173829,0,0,-2,2,0,2,0.0,0.0,0,Josip,0.0,358,False,,,43,173829.jpg,1.0,Filipovic,0.1,False,,a,14,2360,3,7,0,31,0,0.0,0.7,Filipovic,48,0,0,0,1,0,0,0,0,0,0,0,0,2,2,0,0,7
,,470843,0,0,-1,1,2,2,3.8,3.8,6,Kadir,3.8,359,False,,,54,470843.jpg,3.8,Hodzic,2.4,False,,a,14,2360,61,835,2,772,4,0.7,11.3,Hodzic,1383,0,1,4,18,0,0,2,0,0,0,6,11,22,24,1,41,79
,,100722,0,0,-3,3,0,3,2.2,2.2,1,Andreas,2.2,360,False,,,52,100722.jpg,2.2,Blomqvist,0.3,False,,a,14,2360,36,15,1,81,0,0.4,6.9,Blomqvist,883,0,1,2,11,0,0,0,0,0,0,2,3,3,11,1,17,49
,,506231,0,0,-1,1,0,3,0.0,0.0,0,Adam,0.0,361,False,,,44,506231.jpg,1.0,Petersson,0.2,False,,a,14,2360,5,7,0,22,0,0.0,1.1,Petersson,48,0,0,0,0,0,0,0,0,0,0,0,0,0,1,0,6,1
100.0,100.0,66510,-1,1,-5,5,0,3,1.0,1.0,0,David,1.0,362,False,,2021-07-30T06:07:04.000437Z,60,66510.jpg,2.4,Löfquist,3.4,False,,a,14,2360,36,331,0,1980,10,0.2,6.0,Löfquist,1167,0,0,2,17,0,1,4,0,0,0,11,1,29,28,1,16,40
,,506236,0,0,-1,1,0,3,2.8,2.8,5,Viktor,2.8,363,False,,,44,506236.jpg,1.9,Gustafson,0.4,False,,a,14,2360,28,105,1,98,1,0.6,6.4,Gustafson,679,0,0,2,9,0,0,2,0,0,0,3,3,2,5,3,21,46
100.0,100.0,169222,0,0,-1,1,0,3,1.0,1.0,3,Jesper,1.0,364,False,,2021-08-02T17:29:41.459344Z,44,169222.jpg,2.0,Gustavsson,2.5,False,,a,14,2360,30,309,0,835,3,0.2,6.8,Gustavsson,1081,0,0,4,13,0,0,5,0,0,0,2,3,1,12,1,20,58
,,506234,0,0,-1,1,0,3,0.0,0.0,0,Hampus,0.0,365,False,,,44,506234.jpg,0.0,Holgersson,0.1,False,,a,14,2360,0,17,0,23,0,0.0,0.0,Holgersson,0,0,0,0,0,0,0,0,0,0,0,0,0,0,0,0,0,0
0.0,0.0,59038,0,0,-2,2,0,3,0.0,0.0,0,Enoch,0.0,366,False,Avstängd GW16-17,2021-08-10T08:33:32.589586Z,48,59038.jpg,2.2,Kofi Adu,2.1,False,,s,14,2360,27,127,0,604,7,0.0,5.6,Kofi Adu,855,0,0,3,14,0,0,1,1,0,0,0,5,1,1,0,21,62
,,467602,0,0,-1,1,0,3,0.0,0.0,0,Ludwig,0.0,367,False,,,44,467602.jpg,0.0,Carlius,0.1,False,,a,14,2360,0,9,0,13,0,0.0,0.0,Carlius,12,0,0,0,0,0,0,1,0,0,0,0,0,0,0,0,1,0
100.0,100.0,523993,0,0,-1,1,0,2,0.8,0.8,0,Herman,0.8,368,False,,2021-04-12T07:28:51.096520Z,44,523993.jpg,1.0,Johansson,0.1,False,,a,14,2360,3,4,0,19,0,0.2,0.7,Johansson,36,0,0,0,0,0,0,0,0,0,0,0,0,1,1,0,0,0
,,483378,0,0,-3,3,0,4,2.5,2.5,1,Jacob,2.5,369,False,,,62,483378.jpg,3.4,Bergström,5.0,False,,a,14,2360,55,1448,1,2466,18,0.4,8.9,Bergström,1373,3,2,3,19,0,0,1,0,0,1,3,3,3,17,2,26,46
,,479403,0,0,-4,4,1,4,2.5,2.5,2,Mamudu,2.5,370,False,,,51,479403.jpg,2.1,Moro,2.6,False,,a,14,2360,30,90,1,1562,2,0.5,5.9,Moro,358,3,0,1,3,0,0,2,0,0,0,0,1,1,4,0,3,23
0.0,0.0,467607,0,0,-4,4,0,4,0.0,0.0,0,Taylor,0.0,371,False,Rehabtränar. Tillbaka i spel: 1-2 veckor,2021-06-28T08:53:42.543973Z,41,467607.jpg,1.0,Silverholt,1.8,False,,i,14,2360,3,371,0,1679,1,0.0,0.7,Silverholt,40,0,0,0,1,0,0,0,0,0,0,0,0,0,1,0,0,2
0.0,0.0,198384,0,0,-3,3,0,4,0.0,0.0,0,Neftali,0.0,372,False,Återvänt till Sporting Gijon,2021-06-30T08:18:18.389168Z,52,198384.jpg,1.0,Manzambi,0.0,False,,u,14,2360,4,5,0,32,0,0.0,0.8,Manzambi,37,0,0,0,0,0,0,0,0,0,0,0,0,0,1,0,1,1
,,200811,0,0,-3,3,0,2,0.0,0.0,0,Mark,0.0,373,False,,,42,200811.jpg,0.0,Tokich,0.0,False,,a,14,2360,0,7,0,23,0,0.0,0.0,Tokich,0,0,0,0,0,0,0,0,0,0,0,0,0,0,0,0,0,0
100.0,100.0,484478,0,0,-1,1,0,2,3.2,3.2,7,Ivan,3.2,422,False,,2021-05-14T08:52:36.147263Z,44,484478.jpg,2.8,Kricak,0.2,False,,a,14,2360,37,113,0,65,0,0.7,8.4,Kricak,1086,0,0,3,15,0,0,6,0,0,0,0,11,0,2,0,72,63
,,538153,0,0,-1,1,0,4,0.5,0.5,1,Noah,0.5,443,False,,,39,538153.jpg,1.0,Persson,0.1,False,,a,14,2360,2,93,0,50,1,0.1,0.5,Persson,13,0,0,0,0,0,0,0,0,0,0,0,0,0,0,0,1,0
,,469584,0,0,0,0,0,2,1.0,1.0,0,Magnus,1.0,452,False,,,50,469584.jpg,2.0,Wörts,0.0,False,,a,14,2360,4,2,0,0,0,0.2,0.8,Wörts,180,0,0,0,3,0,0,0,0,0,0,0,1,0,1,0,12,9
,,420856,0,0,0,0,0,2,4.0,4.0,7,Carlos,4.0,478,False,,,45,420856.jpg,4.0,Moros Gracia,0.0,False,,a,14,2360,12,3,0,0,0,0.9,2.7,Moros,201,0,0,1,1,0,0,0,0,0,0,0,3,0,1,0,15,12
,,198270,0,0,0,0,0,4,0.0,0.0,0,Sam,0.0,482,False,,,65,198270.jpg,0.0,Johnson,0.0,False,,a,14,2360,0,17,0,3,0,0.0,0.0,Johnson,0,0,0,0,0,0,0,0,0,0,0,0,0,0,0,0,0,0
,,156607,0,0,6,-6,2,1,5.2,5.2,4,Malkolm,5.2,374,True,,,51,156607.jpg,5.5,Nilsson Säfqvist,28.2,False,,a,15,466,88,6804,108,1244,25,1.0,17.3,Nilsson Säfqvist,1440,0,1,5,13,1,0,1,0,35,0,1,23,0,1,1,14,175
,,479619,0,0,0,0,0,1,0.0,0.0,0,Malte,0.0,375,False,,,40,479619.jpg,0.0,Påhlsson,7.9,False,,a,15,466,0,807,8,990,10,0.0,0.0,Påhlsson,0,0,0,0,0,0,0,0,0,0,0,0,0,0,0,0,0,0
,,192734,0,0,-2,2,1,2,2.4,2.4,0,Alexander,2.4,376,False,,,43,192734.jpg,2.8,Berntsson,0.3,False,,a,15,466,14,11,0,48,0,0.6,3.3,Berntsson,191,0,0,1,1,0,0,0,0,0,0,0,3,0,1,0,21,10
,,209089,0,0,0,0,0,2,3.8,3.8,2,Andreas,3.8,377,False,,,50,209089.jpg,3.6,Bengtsson,0.8,False,,a,15,466,58,240,3,134,4,0.8,11.6,Bengtsson,1425,0,0,5,13,0,0,1,0,0,0,2,7,9,9,1,78,73
,,27646,0,0,2,-2,0,2,4.8,4.8,4,Andreas,4.8,378,False,,,57,27646.jpg,4.3,Johansson,5.4,False,,a,15,466,69,1337,19,684,11,0.8,12.1,Andreas Johansson,1440,0,0,5,13,0,0,1,0,0,0,1,19,0,5,1,96,96
,,512777,0,0,4,-4,1,2,5.2,5.2,6,Edvin,5.2,379,False,,,49,512777.jpg,4.2,Kurtulus,7.2,False,,a,15,466,68,3464,47,845,13,1.1,13.9,Kurtulus,1305,0,1,5,12,0,0,1,0,0,0,4,14,13,14,1,57,103
0.0,0.0,449937,0,0,-1,1,0,2,0.0,0.0,0,Isac,0.0,380,False,Skadad. Tillbaka i spel: okänt,2021-05-02T10:57:23.510273Z,39,449937.jpg,0.0,Larsson,1.0,False,,i,15,466,0,34,0,385,2,0.0,0.0,Larsson,0,0,0,0,0,0,0,0,0,0,0,0,0,0,0,0,0,0
100.0,100.0,78947,0,0,-1,1,0,2,2.4,2.4,2,Joseph,2.4,381,False,,2021-08-10T08:31:11.983557Z,54,78947.jpg,4.1,Baffo,2.0,False,,a,15,466,57,380,5,337,2,0.4,10.6,Baffo,1252,0,0,4,12,0,0,4,0,0,0,0,19,0,4,0,92,93
100.0,100.0,91072,0,0,-1,1,0,2,0.0,0.0,0,Viktor,0.0,382,False,,2021-04-06T08:30:37.462670Z,39,91072.jpg,0.0,Ljung,0.3,False,,a,15,466,0,14,0,63,1,0.0,0.0,Ljung,0,0,0,0,0,0,0,0,0,0,0,0,0,0,0,0,0,0
,,27647,0,0,-4,4,0,3,0.0,0.0,0,Dusan,0.0,383,False,,,46,27647.jpg,1.0,Djuric,0.3,False,,a,15,466,1,9,0,144,0,0.0,0.2,Djuric,22,0,0,0,0,0,0,0,0,0,0,0,0,0,0,0,0,1
,,479616,0,0,-4,4,0,3,2.4,2.4,3,Emil,2.4,384,False,,,51,479616.jpg,2.0,Tot Wikström,0.3,False,,a,15,466,30,17,0,180,0,0.5,5.9,Tot Wikström,618,0,1,2,4,0,0,0,0,0,0,0,4,1,2,0,9,42
,,479618,0,0,-2,2,0,3,1.2,1.2,0,Erik,1.2,385,False,,,43,479618.jpg,1.5,Ahlstrand,0.7,False,,a,15,466,17,227,4,169,4,0.3,4.0,Ahlstrand,330,0,1,0,8,0,0,1,0,0,0,0,1,1,3,0,5,20
,,96133,0,0,-1,1,0,3,3.8,3.8,4,Joel,3.8,386,False,,,49,96133.jpg,3.2,Allansson,0.4,False,,a,15,466,48,69,4,83,1,0.8,9.8,Allansson,1321,0,0,6,10,0,0,3,0,0,0,3,12,8,14,0,40,101
0.0,0.0,241640,0,0,-1,1,0,3,0.0,0.0,0,Jonathan,0.0,387,False,Korsbandsskadad. Tillbaka i spel: okänt,2021-03-23T09:31:54.474012Z,44,241640.jpg,0.0,Svedberg,0.1,False,,i,15,466,0,5,0,14,0,0.0,0.0,Svedberg,0,0,0,0,0,0,0,0,0,0,0,0,0,0,0,0,0,0
100.0,100.0,531084,0,0,-2,2,0,3,3.8,3.8,4,Samuel,3.8,388,False,,2021-04-06T10:14:36.025064Z,63,531084.jpg,3.6,Kroon,0.3,False,,a,15,466,29,47,0,96,0,0.6,4.6,Kroon,578,1,0,3,5,0,0,1,0,0,0,3,4,11,11,1,8,39
,,105552,0,0,-2,2,0,3,1.6,1.6,1,Simon,1.6,389,False,,,48,105552.jpg,2.8,Lundevall,0.9,False,,a,15,466,39,231,0,348,1,0.3,8.1,Lundevall,814,0,2,4,8,0,0,2,0,0,0,6,1,9,15,5,8,47
100.0,100.0,479615,0,0,-1,1,0,3,0.6,0.6,1,Thomas,0.6,390,False,,2021-07-20T10:55:50.631851Z,49,479615.jpg,2.3,Boakye,1.5,False,,a,15,466,32,1188,0,874,4,0.1,6.5,Boakye,819,0,2,3,6,0,0,2,1,0,0,3,3,12,13,0,26,38
100.0,100.0,484485,0,0,0,0,0,3,3.8,3.8,6,Amir,3.8,391,False,,2021-08-10T08:32:17.907600Z,60,484485.jpg,3.7,Al-Ammari,0.7,False,,a,15,466,56,258,11,255,1,0.6,9.3,Al-Ammari,1350,2,1,5,12,0,0,4,0,0,0,1,11,14,16,0,50,88
,,531085,-1,1,-3,3,0,4,0.0,0.0,0,Alexander,0.0,392,False,,,37,531085.jpg,0.0,Johansson,2.6,False,,a,15,466,0,543,19,1252,8,0.0,0.0,Alexander Johansson,0,0,0,0,0,0,0,0,0,0,0,0,0,0,0,0,0,0
,,143288,0,0,-3,3,1,4,2.6,2.6,2,Mikael,2.6,393,False,,,52,143288.jpg,2.1,Boman,2.1,False,,a,15,466,29,1000,0,1258,2,0.5,5.6,Boman,533,2,0,2,6,0,0,0,0,0,0,0,0,1,4,0,9,15
,,249041,0,0,-1,1,0,4,2.4,2.4,6,Sadat,2.4,394,False,,,54,249041.jpg,2.6,Karim,0.4,False,,a,15,466,42,167,1,135,0,0.4,7.8,Karim,908,2,1,6,7,0,0,0,0,0,0,2,1,1,12,2,19,33
0.0,0.0,101065,0,0,-3,3,0,2,0.0,0.0,0,Phil,0.0,395,False,Knäskadad. Tillbaka i spel: långtidsskadad,2021-04-12T07:31:27.273562Z,47,101065.jpg,1.0,Ofosu Ayeh,0.1,False,,i,15,466,1,1,0,96,0,0.0,0.2,Ofosu Ayeh,19,0,0,0,0,0,0,0,0,0,0,0,0,0,0,0,1,4
,,91073,0,0,1,-1,0,4,2.2,2.2,3,Marcus,2.2,396,False,,,71,91073.jpg,3.9,Antonsson,12.8,False,,a,15,466,62,3686,17,4402,49,0.3,8.7,Antonsson,1437,5,0,5,13,0,0,0,0,0,0,4,1,4,14,3,9,34
,,538116,0,0,-2,2,0,4,0.0,0.0,0,Albin,0.0,441,False,,,38,538116.jpg,0.0,Binnefors,0.3,False,,a,15,466,0,227,6,108,2,0.0,0.0,Binnefors,0,0,0,0,0,0,0,0,0,0,0,0,0,0,0,0,0,0
,,538402,0,0,0,0,0,3,0.0,0.0,0,Kasper,0.0,442,False,,,45,538402.jpg,0.0,Karlsson,0.0,False,,a,15,466,0,15,0,6,1,0.0,0.0,Karlsson,0,0,0,0,0,0,0,0,0,0,0,0,0,0,0,0,0,0
,,531043,0,0,0,0,0,1,2.8,2.8,3,Jeffrey,2.8,398,False,,,40,531043.jpg,5.3,Gal,11.0,False,,a,16,2961,16,799,31,1587,7,0.7,4.0,Gal,270,0,0,1,4,0,0,0,0,9,0,0,5,0,0,0,5,44
,,193788,0,0,0,0,1,2,3.0,3.0,1,Anton,3.0,399,False,,,45,193788.jpg,3.1,Kralj,2.2,False,,a,16,2961,46,970,3,675,4,0.7,10.2,Kralj,1092,0,1,4,19,0,0,1,0,0,0,1,7,2,7,1,47,60
,,86488,0,0,-2,2,0,2,0.0,0.0,0,Christoffer,0.0,400,False,,,38,86488.jpg,0.0,Wiktorsson,3.0,False,,a,16,2961,0,360,8,1080,7,0.0,0.0,Wiktorsson,0,0,0,0,0,0,0,0,0,0,0,0,0,0,0,0,0,0
100.0,100.0,531039,0,0,-1,1,0,2,3.5,3.5,1,Gustav,3.5,401,False,,2021-04-19T08:34:58.905981Z,49,531039.jpg,1.8,Granath,0.4,False,,a,16,2961,20,13,0,159,0,0.7,4.1,Granath,726,0,1,1,17,0,0,1,0,0,1,0,4,1,2,0,34,29
,,447097,0,0,-2,2,1,2,3.2,3.2,1,Daniel,3.2,402,False,,,43,447097.jpg,3.7,Janevski,0.2,False,,a,16,2961,22,42,0,70,1,0.7,5.1,Janevski,469,0,0,2,7,0,0,0,0,0,0,0,5,0,1,0,28,41
100.0,100.0,249872,0,0,-1,1,1,2,1.5,1.5,0,Oliver,1.5,403,False,,2021-08-10T08:29:10.020758Z,49,249872.jpg,3.5,Ekroth,1.5,False,,a,16,2961,45,354,1,488,5,0.3,9.2,Ekroth,1170,0,0,2,24,0,0,3,0,0,0,0,22,0,5,0,107,88
,,531040,0,0,0,0,0,1,0.0,0.0,0,Hugo,0.0,404,False,,,40,531040.jpg,0.0,Claesson,2.0,False,,a,16,2961,0,68,0,135,1,0.0,0.0,Claesson,0,0,0,0,0,0,0,0,0,0,0,0,0,0,0,0,0,0
,,225242,0,0,-4,4,0,2,0.5,0.5,0,Jonathan,0.5,405,False,,,46,225242.jpg,0.9,Tamimi,0.6,False,,a,16,2961,7,11,0,351,0,0.1,1.5,Tamimi,152,0,0,0,1,0,0,1,0,0,0,0,0,3,0,0,4,8
,,225241,0,0,-5,5,0,2,0.0,0.0,0,Erik,0.0,406,False,,,50,225241.jpg,1.3,Lindell,0.3,False,,a,16,2961,14,10,0,219,0,0.0,2.8,Lindell,401,0,1,0,8,0,0,1,0,0,0,0,1,3,6,0,19,15
100.0,100.0,177884,0,0,0,0,2,2,4.5,4.5,1,Sebastian,4.5,407,False,,2021-07-13T08:23:41.955789Z,50,177884.jpg,4.0,Ohlsson,0.7,False,,a,16,2961,60,367,4,200,4,0.9,12.0,Ohlsson,1350,0,2,4,22,0,0,4,0,0,0,2,17,0,9,1,73,105
100.0,100.0,531037,0,0,-1,1,3,3,4.2,4.2,2,Abdelrahman,4.2,408,False,,2021-06-28T08:54:47.349087Z,49,531037.jpg,3.7,Saidi,2.3,False,,a,16,2961,59,1115,31,597,4,0.9,12.0,Saidi,987,3,3,3,21,0,0,2,0,0,0,6,2,11,25,2,6,49
0.0,0.0,66556,0,0,-1,1,0,3,0.0,0.0,0,Nicklas,0.0,409,False,Inte tillgänglig,2021-06-28T08:54:47.367989Z,44,66556.jpg,1.0,Maripuu,0.7,False,,n,16,2961,3,12,0,415,2,0.0,0.7,Maripuu,49,0,0,0,0,0,0,0,0,0,0,0,0,0,0,0,5,3
,,204094,0,0,-1,1,1,3,0.2,0.2,1,Ferhad,0.2,410,False,,,49,204094.jpg,2.8,Ayaz,0.5,False,,a,16,2961,36,270,0,204,1,0.0,7.3,Ayaz,678,1,1,3,13,0,0,0,0,0,0,2,2,5,7,1,14,36
,,83946,0,0,-4,4,2,3,4.2,4.2,1,Johan,4.2,411,False,,,61,83946.jpg,3.3,Bertilsson,3.4,False,,a,16,2961,53,1067,4,1903,4,0.7,8.7,Bertilsson,1145,3,1,4,22,0,0,0,0,0,0,3,0,2,14,1,19,33
,,204903,0,0,-1,1,0,3,2.2,2.2,4,Christos,2.2,412,False,,,49,204903.jpg,3.5,Gravius,1.0,False,,a,16,2961,53,331,0,235,3,0.4,10.8,Gravius,1274,0,1,4,24,0,0,3,0,0,0,5,15,8,25,2,27,123
100.0,100.0,531036,0,0,-1,1,1,3,3.5,3.5,4,Adam,3.5,413,False,,2021-07-20T10:55:06.988007Z,44,531036.jpg,3.3,Carlén,3.4,False,,a,16,2961,49,799,14,1406,4,0.8,11.1,Carlén,1324,1,0,4,22,0,0,3,0,0,0,0,13,0,4,0,38,106
,,516497,0,0,-2,2,0,3,0.8,0.8,0,Adhavan,0.8,414,False,,,48,516497.jpg,1.0,Rajamohan,0.1,False,,a,16,2961,9,2,0,12,0,0.2,1.9,Rajamohan,66,0,0,0,3,0,0,0,0,0,0,0,0,0,0,0,1,3
100.0,100.0,463581,0,0,-2,2,0,4,1.0,1.0,1,Villiam,1.0,415,False,,2021-04-19T08:34:58.961382Z,53,463581.jpg,1.5,Dahlström,0.2,False,,a,16,2961,15,13,0,139,0,0.2,2.8,Dahlström,217,1,0,0,7,0,0,0,0,0,0,0,0,0,2,0,2,6
,,477408,0,0,4,-4,3,4,4.8,4.8,2,Victor,4.8,416,True,,,69,477408.jpg,5.4,Edvardsen,27.4,False,,a,16,2961,86,10507,160,5601,45,0.7,12.5,Edvardsen,1440,8,3,4,27,0,0,1,0,0,0,5,1,16,24,3,4,46
100.0,100.0,249042,0,0,-4,4,0,4,1.8,1.8,1,Sargon,1.8,417,False,,2021-07-16T18:06:15.884978Z,56,249042.jpg,2.2,Abraham,4.2,False,,a,16,2961,28,351,0,2667,5,0.3,5.0,Abraham,744,0,1,1,12,0,0,0,0,0,0,3,1,1,8,3,6,21
,,531044,0,0,-1,1,0,2,0.0,0.0,0,Tufve,0.0,418,False,,,39,531044.jpg,0.0,Östlund,1.2,False,,a,16,2961,0,69,0,158,1,0.0,0.0,Östlund,0,0,0,0,0,0,0,0,0,0,0,0,0,0,0,0,0,0
100.0,100.0,505647,0,0,-2,2,0,2,2.2,2.2,2,Sean,2.2,421,False,,2021-04-19T08:34:58.932234Z,48,505647.jpg,2.7,Sabetkar,0.4,False,,a,16,2961,35,31,1,187,1,0.5,7.3,Sabetkar,906,0,0,4,17,0,0,2,0,0,0,0,3,0,4,0,52,35
,,531828,0,0,0,0,0,3,0.2,0.2,0,Justin,0.2,456,False,,,50,531828.jpg,1.3,Salmon,0.0,False,,a,16,2961,4,1,0,1,0,0.0,0.8,Salmon,115,0,0,0,2,0,0,0,0,0,0,0,0,0,0,0,0,5
,,530511,0,0,0,0,0,2,0.0,0.0,-1,Axel,0.0,490,False,,,45,530511.jpg,0.0,Lindahl,0.0,False,,a,16,2961,0,11,1,1,0,0.0,0.0,Lindahl,44,0,0,0,2,0,0,1,0,0,0,0,0,0,0,0,0,3
,,175941,0,0,0,0,0,1,0.0,0.0,0,Alfie,0.0,492,False,,,45,175941.jpg,0.0,Whiteman,0.1,False,,a,16,2961,0,55,5,8,1,0.0,0.0,Whiteman,0,0,0,0,0,0,0,0,0,0,0,0,0,0,0,0,0,0
,,547863,0,0,0,0,0,1,0.0,0.0,0,Karl,0.0,493,False,,,40,547863.jpg,0.0,Serrano,0.0,False,,a,16,2961,0,3,1,1,1,0.0,0.0,Serrano,0,0,0,0,0,0,0,0,0,0,0,0,0,0,0,0,0,0
50.0,50.0,81797,0,0,0,0,0,4,1.2,1.2,0,Nikola,0.0,494,False,Inväntar arbetstillstånd,2021-08-20T18:51:20.733353Z,70,81797.jpg,0.0,Djurdjic,0.0,False,,d,16,2961,0,17,13,1,0,0.0,0.0,Djurdjic,0,0,0,0,0,0,0,0,0,0,0,0,0,0,0,0,0,0
